,date,co2,co,pm,uv,temperature,humidity
2022-01-16 00:03:04,2022-01-16 00:03:04,1032.0413,7.78087,0.02188,2.7832,30.0,64.0
2022-01-16 00:08:18,2022-01-16 00:08:18,1032.0413,7.78087,0.0202,2.7832,30.0,64.0
2022-01-16 00:13:33,2022-01-16 00:13:33,946.65967,7.65622,0.0244,2.63672,30.0,64.0
2022-01-16 00:18:47,2022-01-16 00:18:47,946.65967,7.53288,0.02944,2.63672,30.0,64.0
2022-01-16 00:24:01,2022-01-16 00:24:01,909.884325,7.440348333333333,0.02608,2.63672,29.0,63.0
2022-01-16 00:29:16,2022-01-16 00:29:16,946.65967,7.59438,0.0118,2.73438,30.0,64.0
2022-01-16 00:34:31,2022-01-16 00:34:31,881.0150833333332,7.431033333333333,0.03615,2.63672,30.0,64.0
2022-01-16 00:39:45,2022-01-16 00:39:45,934.18542,7.4717,0.02692,2.63672,29.0,63.0
2022-01-16 00:44:59,2022-01-16 00:44:59,934.18542,7.53288,0.02621833333333333,2.63672,29.0,63.0
2022-01-16 00:50:12,2022-01-16 00:50:12,934.18542,7.53288,0.01684,2.63672,29.0,63.0
2022-01-16 00:55:26,2022-01-16 00:55:26,919.35706,7.53288,0.02692,2.63672,30.0,64.0
2022-01-16 01:00:40,2022-01-16 01:00:40,934.18542,7.53288,0.02776,2.63672,29.0,63.0
2022-01-16 01:05:59,2022-01-16 01:05:59,936.9680966666666,7.522736666666667,0.021320000000000002,2.63672,29.0,63.5
2022-01-16 01:11:02,2022-01-16 01:11:02,928.74274,7.4717,0.02272,2.63672,29.0,64.0
2022-01-16 01:16:16,2022-01-16 01:16:16,956.32416,7.4717,0.02692,2.63672,29.0,64.0
2022-01-16 01:21:31,2022-01-16 01:21:31,956.32416,7.53288,0.0202,2.63672,29.0,64.0
2022-01-16 01:26:45,2022-01-16 01:26:45,956.32416,7.53288,0.02776,3.32031,29.0,64.0
2022-01-16 01:31:59,2022-01-16 01:31:59,956.32416,7.59438,0.02272,2.63672,29.0,64.0
2022-01-16 01:37:13,2022-01-16 01:37:13,956.32416,7.53288,0.029016666666666666,2.63672,29.0,64.0
2022-01-16 01:42:28,2022-01-16 01:42:28,950.74078,7.635935,0.02692,2.63672,29.0,65.0
2022-01-16 01:47:42,2022-01-16 01:47:42,950.74078,7.59438,0.0328,2.63672,29.0,65.0
2022-01-16 01:52:56,2022-01-16 01:52:56,950.74078,7.53288,0.02776,2.63672,29.0,65.0
2022-01-16 01:58:10,2022-01-16 01:58:10,950.74078,7.53288,0.02272,2.63672,29.0,65.0
2022-01-16 02:03:26,2022-01-16 02:03:26,950.74078,7.53288,0.03699,3.125,29.0,65.0
2022-01-16 02:08:40,2022-01-16 02:08:40,950.74078,7.71838,0.02944,2.63672,29.0,65.0
2022-01-16 02:13:54,2022-01-16 02:13:54,950.74078,7.656491666666667,0.03531,2.63672,29.0,65.0
2022-01-16 02:19:08,2022-01-16 02:19:08,950.74078,7.65622,0.03783,2.63672,29.0,65.0
2022-01-16 02:24:24,2022-01-16 02:24:24,950.74078,7.65622,0.0244,2.63672,29.0,65.0
2022-01-16 02:29:39,2022-01-16 02:29:39,950.74078,7.78087,0.0286,2.63672,29.0,65.0
2022-01-16 02:34:53,2022-01-16 02:34:53,950.74078,7.71838,0.03364,2.68555,29.0,65.0
2022-01-16 02:40:07,2022-01-16 02:40:07,950.74078,7.78087,0.02692,2.68555,29.0,65.0
2022-01-16 02:45:21,2022-01-16 02:45:21,950.74078,7.71838,0.02734,2.68555,29.0,65.0
2022-01-16 02:50:35,2022-01-16 02:50:35,950.74078,7.65622,0.02944,2.68555,29.0,65.0
2022-01-16 02:55:49,2022-01-16 02:55:49,950.74078,7.59438,0.03196,2.68555,29.0,65.0
2022-01-16 03:01:03,2022-01-16 03:01:03,950.74078,7.65622,0.0202,3.32031,29.0,65.0
2022-01-16 03:06:18,2022-01-16 03:06:18,950.74078,7.65622,0.03615,2.68555,29.0,65.0
2022-01-16 03:11:32,2022-01-16 03:11:32,950.74078,7.65622,0.03867,2.68555,29.0,65.0
2022-01-16 03:16:46,2022-01-16 03:16:46,978.73718,7.71838,0.02356,2.68555,29.0,65.0
2022-01-16 03:22:00,2022-01-16 03:22:00,950.74078,7.71838,0.0328,3.36914,29.0,65.0
2022-01-16 03:27:15,2022-01-16 03:27:15,945.1781,7.71838,0.01852,2.68555,29.0,66.0
2022-01-16 03:32:28,2022-01-16 03:32:28,950.74078,7.71838,0.02608,2.68555,29.0,65.0
2022-01-16 03:37:43,2022-01-16 03:37:43,950.74078,7.65622,0.02692,2.68555,29.0,65.0
2022-01-16 03:42:58,2022-01-16 03:42:58,950.74078,7.65622,0.02524,2.68555,29.0,65.0
2022-01-16 03:48:11,2022-01-16 03:48:11,973.5940666666665,7.563305,0.03364,2.68555,29.0,66.0
2022-01-16 03:53:26,2022-01-16 03:53:26,978.73718,7.71838,0.03028,3.17383,29.0,65.0
2022-01-16 03:58:39,2022-01-16 03:58:39,950.74078,7.728905,0.02944,2.68555,29.0,65.0
2022-01-16 04:03:53,2022-01-16 04:03:53,978.73718,7.78087,0.02272,2.68555,29.0,65.0
2022-01-16 04:09:07,2022-01-16 04:09:07,950.74078,7.78087,0.03196,2.68555,29.0,65.0
2022-01-16 04:14:21,2022-01-16 04:14:21,978.73718,7.8437,0.02608,2.68555,29.0,65.0
2022-01-16 04:19:36,2022-01-16 04:19:36,950.74078,7.78087,0.03196,2.68555,29.0,65.0
2022-01-16 04:24:51,2022-01-16 04:24:51,950.74078,7.71838,0.02272,2.68555,29.0,65.0
2022-01-16 04:30:04,2022-01-16 04:30:04,950.74078,7.71838,0.01936,2.68555,29.0,65.0
2022-01-16 04:35:19,2022-01-16 04:35:19,955.4068466666666,7.718543333333334,0.0328,2.68555,29.0,65.0
2022-01-16 04:40:33,2022-01-16 04:40:33,978.73718,7.71838,0.03448,2.68555,29.0,65.0
2022-01-16 04:45:47,2022-01-16 04:45:47,945.1781,7.71838,0.01516,2.68555,29.0,66.0
2022-01-16 04:51:01,2022-01-16 04:51:01,945.1781,7.59438,0.03951,2.68555,29.0,66.0
2022-01-16 04:56:15,2022-01-16 04:56:15,945.1781,7.59438,0.02776,2.68555,29.0,66.0
2022-01-16 05:01:30,2022-01-16 05:01:30,1040.39285,7.928026666666667,0.03112,3.32031,29.0,66.0
2022-01-16 05:06:44,2022-01-16 05:06:44,1243.2539,6.952446666666667,0.0286,2.68555,29.0,67.0
2022-01-16 05:11:57,2022-01-16 05:11:57,939.63647,7.59438,0.0244,2.68555,29.0,67.0
2022-01-16 05:17:12,2022-01-16 05:17:12,967.30609,7.59438,0.03196,2.68555,29.0,67.0
2022-01-16 05:22:26,2022-01-16 05:22:26,967.30609,7.65622,0.03279833333333333,2.68555,29.0,67.0
2022-01-16 05:27:39,2022-01-16 05:27:39,967.30609,7.65622,0.02608,2.68555,29.0,67.0
2022-01-16 05:32:53,2022-01-16 05:32:53,971.48737,7.65622,0.02776,2.68555,28.0,68.0
2022-01-16 05:38:07,2022-01-16 05:38:07,971.48737,7.65622,0.03699,2.68555,28.0,68.0
2022-01-16 05:43:22,2022-01-16 05:43:22,971.48737,7.59438,0.0328,2.68555,28.0,68.0
2022-01-16 05:48:36,2022-01-16 05:48:36,971.48737,7.59438,0.03699,2.68555,28.0,68.0
2022-01-16 05:53:50,2022-01-16 05:53:50,980.94377,7.594493333333333,0.03364,2.68555,28.0,68.0
2022-01-16 05:59:05,2022-01-16 05:59:05,965.78857,7.59438,0.036995,2.68555,28.0,69.0
2022-01-16 06:04:20,2022-01-16 06:04:20,971.48737,7.59438,0.034335,3.125,28.0,68.0
2022-01-16 06:09:34,2022-01-16 06:09:34,993.99133,7.53288,0.02944,2.68555,28.0,69.0
2022-01-16 06:14:49,2022-01-16 06:14:49,971.48737,7.53288,0.02608,2.68555,28.0,68.0
2022-01-16 06:20:03,2022-01-16 06:20:03,999.85657,7.53288,0.02944,2.68555,28.0,68.0
2022-01-16 06:25:17,2022-01-16 06:25:17,999.85657,7.59438,0.02524,2.68555,28.0,68.0
2022-01-16 06:30:32,2022-01-16 06:30:32,993.99133,7.59438,0.03951,2.68555,28.0,69.0
2022-01-16 06:35:45,2022-01-16 06:35:45,999.85657,7.59438,0.01852,3.36914,28.0,68.0
2022-01-16 06:41:00,2022-01-16 06:41:00,999.85657,7.65622,0.03699,2.68555,28.0,68.0
2022-01-16 06:46:14,2022-01-16 06:46:14,999.85657,7.59438,0.04035,2.68555,28.0,68.0
2022-01-16 06:51:28,2022-01-16 06:51:28,965.78857,7.29011,0.03615,2.63672,28.0,69.0
2022-01-16 06:56:43,2022-01-16 06:56:43,1022.7779,7.53288,0.04287,2.63672,28.0,69.0
2022-01-16 07:01:57,2022-01-16 07:01:57,999.85657,7.53288,0.02776,2.68555,28.0,68.0
2022-01-16 07:07:11,2022-01-16 07:07:11,999.85657,7.4717,0.04035,2.68555,28.0,68.0
2022-01-16 07:12:25,2022-01-16 07:12:25,1028.8132,7.65622,0.04455,2.73438,28.0,68.0
2022-01-16 07:17:40,2022-01-16 07:17:40,1004.7805800000001,7.604906666666667,0.04539,3.36914,28.0,68.0
2022-01-16 07:22:58,2022-01-16 07:22:58,1028.8132,7.71838,0.03028,2.73438,28.0,68.0
2022-01-16 07:28:12,2022-01-16 07:28:12,1018.3665,7.8437,0.03448,2.7832,29.0,68.0
2022-01-16 07:33:26,2022-01-16 07:33:26,1018.3665,7.78087,0.03699,2.7832,29.0,68.0
2022-01-16 07:38:44,2022-01-16 07:38:44,1024.3849,7.78087,0.0328,3.56445,29.0,67.0
2022-01-16 07:43:59,2022-01-16 07:43:59,1054.21135,7.835883333333334,0.036015,3.51563,29.0,67.0
2022-01-16 07:49:13,2022-01-16 07:49:13,1018.3665,7.78087,0.02692,2.83203,29.0,68.0
2022-01-16 07:54:27,2022-01-16 07:54:27,1024.3849,7.8437,0.04287,2.88086,29.0,67.0
2022-01-16 07:59:40,2022-01-16 07:59:40,1024.3849,7.90686,0.03951,2.88086,29.0,67.0
2022-01-16 08:04:55,2022-01-16 08:04:55,1024.3849,7.97036,0.04203,2.88086,29.0,67.0
2022-01-16 08:10:10,2022-01-16 08:10:10,1030.426,7.90686,0.03112,2.88086,29.0,66.0
2022-01-16 08:15:25,2022-01-16 08:15:25,1030.426,7.90686,0.03028,2.88086,29.0,66.0
2022-01-16 08:20:39,2022-01-16 08:20:39,1040.39285,7.740875,0.04371,3.56445,29.0,66.0
2022-01-16 08:25:54,2022-01-16 08:25:54,1090.2271,6.942915,0.02692,2.88086,29.0,66.0
2022-01-16 08:31:10,2022-01-16 08:31:10,1030.426,7.90686,0.04203,3.56445,29.0,66.0
2022-01-16 08:36:24,2022-01-16 08:36:24,1030.426,7.90686,0.0286,2.92969,29.0,66.0
2022-01-16 08:41:39,2022-01-16 08:41:39,1030.426,7.97036,0.03209833333333333,2.92969,29.0,66.0
2022-01-16 08:46:55,2022-01-16 08:46:55,1030.426,7.97036,0.03783,2.92969,29.0,66.0
2022-01-16 08:52:10,2022-01-16 08:52:10,1036.4904,7.90686,0.04707,2.92969,29.0,65.0
2022-01-16 08:57:25,2022-01-16 08:57:25,1036.4904,7.8437,0.03867,2.92969,29.0,65.0
2022-01-16 09:02:41,2022-01-16 09:02:41,1066.2627,7.97036,0.03531,3.61328,29.0,65.0
2022-01-16 09:07:56,2022-01-16 09:07:56,1066.2627,8.03419,0.02944,2.97852,29.0,65.0
2022-01-16 09:13:15,2022-01-16 09:13:15,1050.2864666666667,8.05558,0.03475666666666667,2.97852,29.5,65.5
2022-01-16 09:18:19,2022-01-16 09:18:19,1049.2667,8.09836,0.03028,2.97852,30.0,66.0
2022-01-16 09:23:35,2022-01-16 09:23:35,1055.4645,8.09836,0.034755,2.97852,30.0,65.0
2022-01-16 09:28:50,2022-01-16 09:28:50,1049.2667,8.03419,0.03867,2.97852,30.0,66.0
2022-01-16 09:34:09,2022-01-16 09:34:09,1048.4867666666667,8.066275000000001,0.036575,2.97852,30.0,65.5
2022-01-16 09:39:16,2022-01-16 09:39:16,1025.9937,8.03419,0.03196,2.97852,30.0,65.0
2022-01-16 09:44:34,2022-01-16 09:44:34,1055.4645,8.09836,0.04035,3.02734,30.0,65.0
2022-01-16 09:49:48,2022-01-16 09:49:48,1055.4645,8.03419,0.03028,3.02734,30.0,65.0
2022-01-16 09:55:06,2022-01-16 09:55:06,943.9939977777776,7.78087,0.03615,3.02734,29.0,63.0
2022-01-16 10:00:21,2022-01-16 10:00:21,1061.686,8.16288,0.02524,3.07617,30.0,64.0
2022-01-16 10:05:35,2022-01-16 10:05:35,1061.686,8.16288,0.02776,3.07617,30.0,64.0
2022-01-16 10:10:49,2022-01-16 10:10:49,1061.686,8.09836,0.03028,3.07617,30.0,64.0
2022-01-16 10:16:04,2022-01-16 10:16:04,1061.686,8.16288,0.0328,3.07617,30.0,64.0
2022-01-16 10:21:19,2022-01-16 10:21:19,1061.686,8.03419,0.02356,3.07617,30.0,64.0
2022-01-16 10:26:37,2022-01-16 10:26:37,1056.7452166666665,8.10923,0.02356,3.80859,30.0,64.0
2022-01-16 10:31:52,2022-01-16 10:31:52,1038.1116,8.03419,0.03028,3.125,30.0,63.0
2022-01-16 10:37:06,2022-01-16 10:37:06,1032.0413,8.03419,0.03699,3.125,30.0,64.0
2022-01-16 10:42:21,2022-01-16 10:42:21,1044.2045,7.59438,0.02608,3.07617,30.0,62.0
2022-01-16 10:47:37,2022-01-16 10:47:37,1044.2045,7.65622,0.0244,3.07617,30.0,62.0
2022-01-16 10:52:52,2022-01-16 10:52:52,1074.1986,7.97036,0.03196,3.85742,30.0,62.0
2022-01-16 10:58:06,2022-01-16 10:58:06,1067.9303,7.90686,0.02356,3.90625,30.0,63.0
2022-01-16 11:03:21,2022-01-16 11:03:21,986.02136,7.4717,0.03699,3.125,30.0,62.0
2022-01-16 11:08:36,2022-01-16 11:08:36,1067.9303,7.151503333333333,0.02356,3.90625,30.0,63.0
2022-01-16 11:13:49,2022-01-16 11:13:49,1063.3485,8.09836,0.01852,3.27148,31.0,62.0
2022-01-16 11:19:03,2022-01-16 11:19:03,1093.646,8.29293,0.01936,3.32031,31.0,62.0
2022-01-16 11:24:18,2022-01-16 11:24:18,1093.646,8.22773,0.01768,3.36914,31.0,62.0
2022-01-16 11:29:34,2022-01-16 11:29:34,1058.89998,7.968181666666666,0.028736666666666664,4.05273,31.0,62.0
2022-01-16 11:34:49,2022-01-16 11:34:49,1063.3485,8.22773,0.04035,3.41797,31.0,62.0
2022-01-16 11:40:04,2022-01-16 11:40:04,1058.89998,7.968181666666666,0.03112,3.4668,31.0,62.0
2022-01-16 11:45:19,2022-01-16 11:45:19,1063.3485,8.22773,0.03139833333333333,3.61328,31.0,62.0
2022-01-16 11:50:34,2022-01-16 11:50:34,1069.5995,8.22773,0.03112,3.61328,31.0,61.0
2022-01-16 11:55:49,2022-01-16 11:55:49,1069.5995,8.22773,0.03364,3.4668,31.0,61.0
2022-01-16 12:01:03,2022-01-16 12:01:03,1069.5995,8.03419,0.0286,3.71094,31.0,61.0
2022-01-16 12:06:18,2022-01-16 12:06:18,1045.8331,7.97036,0.03699,3.66211,31.0,60.0
2022-01-16 12:11:32,2022-01-16 12:11:32,1075.874,8.03419,0.03056,3.66211,31.0,60.0
2022-01-16 12:16:47,2022-01-16 12:16:47,1058.7799,8.03419,0.03112,3.71094,32.0,61.0
2022-01-16 12:22:02,2022-01-16 12:22:02,1035.276,7.97036,0.0328,3.61328,32.0,60.0
2022-01-16 12:27:16,2022-01-16 12:27:16,1075.874,8.03419,0.0328,3.80859,31.0,60.0
2022-01-16 12:32:31,2022-01-16 12:32:31,1095.358,8.16288,0.03028,3.85742,32.0,60.0
2022-01-16 12:37:45,2022-01-16 12:37:45,1065.0132,8.22773,0.03783,3.90625,32.0,60.0
2022-01-16 12:43:01,2022-01-16 12:43:01,1071.2708,8.16288,0.02482,3.85742,32.0,59.0
2022-01-16 12:48:15,2022-01-16 12:48:15,1071.2708,8.16288,0.02482,3.85742,32.0,59.0
2022-01-16 12:53:29,2022-01-16 12:53:29,1041.3583,7.90686,0.02104,3.85742,32.0,59.0
2022-01-16 12:58:43,2022-01-16 12:58:43,1077.5509,8.16288,0.02944,3.80859,32.0,58.0
2022-01-16 13:03:57,2022-01-16 13:03:57,1077.5509,8.03419,0.02356,3.85742,32.0,58.0
2022-01-16 13:09:12,2022-01-16 13:09:12,1077.5509,8.22773,0.04119,3.75977,32.0,58.0
2022-01-16 13:14:26,2022-01-16 13:14:26,1077.5509,8.22773,0.0244,3.61328,32.0,58.0
2022-01-16 13:19:43,2022-01-16 13:19:43,1071.2708,8.22773,0.0244,3.85742,32.0,59.0
2022-01-16 13:24:58,2022-01-16 13:24:58,1071.2708,8.22773,0.0244,4.05273,32.0,59.0
2022-01-16 13:30:13,2022-01-16 13:30:13,1077.5509,8.16288,0.027198333333333335,3.95508,32.0,58.0
2022-01-16 13:35:27,2022-01-16 13:35:27,1019.8683850000001,7.954676666666668,0.02692,4.73633,32.0,58.0
2022-01-16 13:40:41,2022-01-16 13:40:41,1047.4635,8.16288,0.03028,3.61328,32.0,58.0
2022-01-16 13:45:56,2022-01-16 13:45:56,1071.2708,8.22773,0.03112,4.15039,32.0,59.0
2022-01-16 13:51:10,2022-01-16 13:51:10,1071.2708,8.29293,0.0286,3.51563,32.0,59.0
2022-01-16 13:56:25,2022-01-16 13:56:25,1071.2708,8.22773,0.02524,3.56445,32.0,59.0
2022-01-16 14:01:40,2022-01-16 14:01:40,1071.2708,8.22773,0.01516,4.10156,32.0,59.0
2022-01-16 14:06:54,2022-01-16 14:06:54,1077.5509,8.29293,0.01768,4.78516,32.0,58.0
2022-01-16 14:12:09,2022-01-16 14:12:09,1042.9844,7.8437,0.02104,3.85742,33.0,57.0
2022-01-16 14:17:23,2022-01-16 14:17:23,1103.5135,8.35847,0.0328,4.15039,33.0,57.0
2022-01-16 14:22:38,2022-01-16 14:22:38,1109.9791,8.42437,0.03951,4.15039,33.0,56.0
2022-01-16 14:27:52,2022-01-16 14:27:52,1141.3524,7.568683333333333,0.01516,3.66211,33.0,56.0
2022-01-16 14:33:07,2022-01-16 14:33:07,1134.7042,8.49061,0.02692,3.51563,33.0,57.0
2022-01-16 14:38:22,2022-01-16 14:38:22,1134.7042,8.49061,0.03112,3.90625,33.0,57.0
2022-01-16 14:43:41,2022-01-16 14:43:41,1111.2062999999998,8.360825,0.02775833333333334,3.9021120338983053,32.99152542372882,57.021186440677965
2022-01-16 14:49:00,2022-01-16 14:49:00,1111.2062999999998,8.360825,0.02775833333333334,3.89797406779661,32.983050847457626,57.04237288135593
2022-01-16 14:54:19,2022-01-16 14:54:19,1045.0080716666664,8.088576666666667,0.028038333333333335,3.8938361016949155,32.97457627118644,57.063559322033896
2022-01-16 14:59:38,2022-01-16 14:59:38,1045.0080716666669,8.088576666666667,0.028038333333333332,3.8896981355932203,32.96610169491525,57.08474576271186
2022-01-16 15:04:57,2022-01-16 15:04:57,1045.0080716666669,8.088576666666667,0.028038333333333332,3.8855601694915256,32.95762711864407,57.105932203389834
2022-01-16 15:10:16,2022-01-16 15:10:16,1045.0080716666664,8.088576666666667,0.028038333333333335,3.8814222033898305,32.94915254237288,57.1271186440678
2022-01-16 15:15:35,2022-01-16 15:15:35,1045.0080716666669,8.088576666666667,0.028038333333333332,3.8772842372881358,32.940677966101696,57.148305084745765
2022-01-16 15:20:54,2022-01-16 15:20:54,1045.0080716666669,8.088576666666667,0.028038333333333332,3.8731462711864406,32.932203389830505,57.16949152542373
2022-01-16 15:26:13,2022-01-16 15:26:13,1045.0080716666664,8.088576666666667,0.028038333333333335,3.869008305084746,32.92372881355932,57.190677966101696
2022-01-16 15:31:32,2022-01-16 15:31:32,1034.3744883333331,8.001410000000002,0.029438333333333334,3.8648703389830508,32.91525423728814,57.21186440677966
2022-01-16 15:36:51,2022-01-16 15:36:51,1034.3744883333331,8.001410000000002,0.029438333333333334,3.860732372881356,32.90677966101695,57.233050847457626
2022-01-16 15:42:10,2022-01-16 15:42:10,1034.3744883333331,8.001410000000002,0.029438333333333334,3.856594406779661,32.898305084745765,57.25423728813559
2022-01-16 15:47:29,2022-01-16 15:47:29,1034.3744883333331,8.001410000000002,0.029438333333333334,3.852456440677966,32.889830508474574,57.27542372881356
2022-01-16 15:52:48,2022-01-16 15:52:48,1034.3744883333331,8.001410000000002,0.029438333333333334,3.848318474576271,32.88135593220339,57.29661016949152
2022-01-16 15:58:07,2022-01-16 15:58:07,1034.3744883333331,8.001410000000002,0.029438333333333334,3.8441805084745764,32.8728813559322,57.317796610169495
2022-01-16 16:03:26,2022-01-16 16:03:26,1034.3744883333331,8.001410000000002,0.029438333333333334,3.8400425423728812,32.86440677966102,57.33898305084746
2022-01-16 16:08:45,2022-01-16 16:08:45,1034.3744883333331,8.001410000000002,0.029438333333333334,3.8359045762711865,32.855932203389834,57.360169491525426
2022-01-16 16:14:04,2022-01-16 16:14:04,1034.3744883333334,8.022858333333334,0.030418333333333335,3.8317666101694914,32.847457627118644,57.38135593220339
2022-01-16 16:19:23,2022-01-16 16:19:23,1034.3744883333334,8.022858333333334,0.030418333333333335,3.8276286440677967,32.83898305084746,57.402542372881356
2022-01-16 16:24:42,2022-01-16 16:24:42,1034.3744883333331,8.022858333333334,0.030418333333333335,3.8234906779661015,32.83050847457627,57.42372881355932
2022-01-16 16:30:01,2022-01-16 16:30:01,1095.1680166666667,8.230076666666667,0.02748,3.819352711864407,32.82203389830509,57.44491525423729
2022-01-16 16:35:20,2022-01-16 16:35:20,1095.1680166666667,8.230076666666667,0.02748,3.8152147457627117,32.813559322033896,57.46610169491525
2022-01-16 16:40:39,2022-01-16 16:40:39,1095.1680166666667,8.230076666666667,0.02748,3.811076779661017,32.80508474576271,57.48728813559322
2022-01-16 16:45:58,2022-01-16 16:45:58,1037.4855016666668,8.032286666666668,0.030138333333333333,3.806938813559322,32.79661016949152,57.50847457627118
2022-01-16 16:51:17,2022-01-16 16:51:17,1095.1680166666667,8.262333333333334,0.030418333333333335,3.802800847457627,32.78813559322034,57.529661016949156
2022-01-16 16:56:36,2022-01-16 16:56:36,1095.1680166666667,8.262333333333334,0.030418333333333335,3.798662881355932,32.779661016949156,57.55084745762712
2022-01-16 17:01:55,2022-01-16 17:01:55,1037.4855016666668,8.032286666666668,0.030138333333333333,3.7945249152542373,32.771186440677965,57.57203389830509
2022-01-16 17:07:14,2022-01-16 17:07:14,1037.4855016666668,8.032286666666668,0.030138333333333333,3.790386949152542,32.76271186440678,57.59322033898305
2022-01-16 17:12:33,2022-01-16 17:12:33,1037.4855016666668,8.032286666666668,0.030138333333333333,3.7862489830508474,32.75423728813559,57.61440677966102
2022-01-16 17:17:52,2022-01-16 17:17:52,1037.4855016666668,8.043095000000001,0.03209666666666667,3.7821110169491527,32.74576271186441,57.63559322033898
2022-01-16 17:23:11,2022-01-16 17:23:11,1037.4855016666668,8.043095000000001,0.03209666666666667,3.7779730508474576,32.73728813559322,57.65677966101695
2022-01-16 17:28:30,2022-01-16 17:28:30,1033.1584016666666,8.010496666666667,0.031536666666666664,3.773835084745763,32.728813559322035,57.67796610169491
2022-01-16 17:33:49,2022-01-16 17:33:49,1023.6328516666666,7.934426666666668,0.03097666666666667,3.7696971186440678,32.720338983050844,57.69915254237288
2022-01-16 17:39:08,2022-01-16 17:39:08,1014.8538183333334,7.94381,0.03139666666666666,3.765559152542373,32.71186440677966,57.720338983050844
2022-01-16 17:44:27,2022-01-16 17:44:27,1014.8538183333334,7.94381,0.03139666666666666,3.761421186440678,32.70338983050848,57.74152542372882
2022-01-16 17:49:46,2022-01-16 17:49:46,1014.8538183333334,7.94381,0.03139666666666666,3.757283220338983,32.69491525423729,57.76271186440678
2022-01-16 17:55:05,2022-01-16 17:55:05,1014.8538183333334,7.94381,0.03139666666666667,3.753145254237288,32.686440677966104,57.78389830508475
2022-01-16 18:00:24,2022-01-16 18:00:24,1014.8538183333334,7.94381,0.03139666666666666,3.7490072881355934,32.67796610169491,57.80508474576271
2022-01-16 18:05:43,2022-01-16 18:05:43,1014.8538183333334,7.94381,0.03139666666666666,3.744869322033898,32.66949152542373,57.82627118644068
2022-01-16 18:11:02,2022-01-16 18:11:02,1014.8538183333334,7.94381,0.03139666666666666,3.7407313559322035,32.66101694915254,57.847457627118644
2022-01-16 18:16:21,2022-01-16 18:16:21,1014.8538183333334,7.94381,0.03139666666666666,3.7365933898305084,32.652542372881356,57.86864406779661
2022-01-16 18:21:40,2022-01-16 18:21:40,1014.8538183333334,7.94381,0.03139666666666666,3.7324554237288137,32.644067796610166,57.889830508474574
2022-01-16 18:26:59,2022-01-16 18:26:59,1014.8538183333334,7.94381,0.03139666666666666,3.7283174576271185,32.63559322033898,57.91101694915254
2022-01-16 18:32:18,2022-01-16 18:32:18,1014.8538183333334,7.94381,0.03139666666666666,3.724179491525424,32.6271186440678,57.932203389830505
2022-01-16 18:37:37,2022-01-16 18:37:37,1014.8538183333334,7.94381,0.03139666666666666,3.7200415254237287,32.61864406779661,57.95338983050848
2022-01-16 18:42:56,2022-01-16 18:42:56,1014.8538183333334,7.94381,0.03139666666666666,3.715903559322034,32.610169491525426,57.97457627118644
2022-01-16 18:48:15,2022-01-16 18:48:15,1014.8538183333334,7.94381,0.03139666666666666,3.711765593220339,32.601694915254235,57.99576271186441
2022-01-16 18:53:34,2022-01-16 18:53:34,1014.8538183333334,7.94381,0.03139666666666666,3.707627627118644,32.59322033898305,58.016949152542374
2022-01-16 18:58:53,2022-01-16 18:58:53,1014.8538183333334,7.94381,0.03139666666666666,3.703489661016949,32.58474576271186,58.03813559322034
2022-01-16 19:04:12,2022-01-16 19:04:12,1014.8538183333335,7.94381,0.03139666666666666,3.6993516949152543,32.57627118644068,58.059322033898304
2022-01-16 19:09:31,2022-01-16 19:09:31,1014.8538183333334,7.94381,0.03139666666666666,3.695213728813559,32.567796610169495,58.08050847457627
2022-01-16 19:14:50,2022-01-16 19:14:50,1014.8538183333334,7.94381,0.03139666666666666,3.6910757627118644,32.559322033898304,58.101694915254235
2022-01-16 19:20:09,2022-01-16 19:20:09,1014.8538183333335,7.94381,0.03139666666666666,3.6869377966101693,32.55084745762712,58.1228813559322
2022-01-16 19:25:28,2022-01-16 19:25:28,1014.8538183333334,7.94381,0.03139666666666666,3.6827998305084746,32.54237288135593,58.14406779661017
2022-01-16 19:30:47,2022-01-16 19:30:47,1014.8538183333334,7.94381,0.03139666666666666,3.6786618644067794,32.53389830508475,58.16525423728814
2022-01-16 19:36:06,2022-01-16 19:36:06,1014.8538183333334,7.94381,0.03139666666666666,3.6745238983050847,32.52542372881356,58.186440677966104
2022-01-16 19:41:25,2022-01-16 19:41:25,1014.8538183333334,7.94381,0.03139666666666666,3.6703859322033896,32.516949152542374,58.20762711864407
2022-01-16 19:46:44,2022-01-16 19:46:44,1014.8538183333334,7.94381,0.03139666666666666,3.666247966101695,32.50847457627118,58.228813559322035
2022-01-16 19:52:03,2022-01-16 19:52:03,1014.8538183333334,7.94381,0.03139666666666666,3.66211,32.5,58.25
2022-01-16 19:57:22,2022-01-16 19:57:22,1014.8538183333334,7.94381,0.03139666666666666,3.657972033898305,32.49152542372882,58.271186440677965
2022-01-16 20:02:41,2022-01-16 20:02:41,1014.8538183333334,7.94381,0.03139666666666666,3.6538340677966104,32.483050847457626,58.29237288135593
2022-01-16 20:08:00,2022-01-16 20:08:00,1014.8538183333334,7.94381,0.03139666666666666,3.649696101694915,32.47457627118644,58.313559322033896
2022-01-16 20:13:19,2022-01-16 20:13:19,1014.8538183333334,7.94381,0.03139666666666666,3.6455581355932205,32.46610169491525,58.33474576271186
2022-01-16 20:18:38,2022-01-16 20:18:38,1014.8538183333334,7.94381,0.03139666666666666,3.6414201694915254,32.45762711864407,58.35593220338983
2022-01-16 20:23:57,2022-01-16 20:23:57,1014.8538183333334,7.94381,0.03139666666666666,3.6372822033898307,32.44915254237288,58.3771186440678
2022-01-16 20:29:16,2022-01-16 20:29:16,1014.8538183333334,7.94381,0.03139666666666666,3.6331442372881355,32.440677966101696,58.398305084745765
2022-01-16 20:34:35,2022-01-16 20:34:35,1014.8538183333334,7.94381,0.03139666666666666,3.629006271186441,32.432203389830505,58.41949152542373
2022-01-16 20:39:54,2022-01-16 20:39:54,1014.8538183333334,7.94381,0.03139666666666666,3.6248683050847457,32.42372881355932,58.440677966101696
2022-01-16 20:45:13,2022-01-16 20:45:13,1014.8538183333334,7.94381,0.03139666666666666,3.620730338983051,32.41525423728814,58.46186440677966
2022-01-16 20:50:32,2022-01-16 20:50:32,1013.807135,7.976066666666667,0.031676666666666665,3.616592372881356,32.40677966101695,58.483050847457626
2022-01-16 20:55:51,2022-01-16 20:55:51,1012.7604516666669,7.997741666666666,0.031536666666666664,3.612454406779661,32.398305084745765,58.50423728813559
2022-01-16 21:01:10,2022-01-16 21:01:10,1063.3641833333334,8.163501666666667,0.029298333333333332,3.608316440677966,32.389830508474574,58.52542372881356
2022-01-16 21:06:29,2022-01-16 21:06:29,1066.2853833333336,8.163501666666667,0.026778333333333335,3.6041784745762713,32.38135593220339,58.54661016949152
2022-01-16 21:11:48,2022-01-16 21:11:48,1066.2853833333336,8.163501666666667,0.026778333333333335,3.600040508474576,32.3728813559322,58.567796610169495
2022-01-16 21:17:07,2022-01-16 21:17:07,1066.2853833333336,8.163501666666667,0.026778333333333335,3.5959025423728814,32.36440677966102,58.58898305084746
2022-01-16 21:22:26,2022-01-16 21:22:26,1066.2853833333336,8.163501666666667,0.026778333333333335,3.5917645762711863,32.355932203389834,58.610169491525426
2022-01-16 21:27:45,2022-01-16 21:27:45,1066.2853833333336,8.163501666666667,0.026778333333333335,3.5876266101694916,32.347457627118644,58.63135593220339
2022-01-16 21:33:04,2022-01-16 21:33:04,1066.2853833333336,8.163501666666667,0.026778333333333335,3.5834886440677964,32.33898305084746,58.652542372881356
2022-01-16 21:38:23,2022-01-16 21:38:23,1066.2853833333336,8.163501666666667,0.026778333333333335,3.5793506779661017,32.33050847457627,58.67372881355932
2022-01-16 21:43:42,2022-01-16 21:43:42,1066.2853833333336,8.163501666666667,0.026778333333333335,3.5752127118644066,32.32203389830509,58.69491525423729
2022-01-16 21:49:01,2022-01-16 21:49:01,1066.2853833333334,8.163501666666667,0.026778333333333335,3.571074745762712,32.313559322033896,58.71610169491525
2022-01-16 21:54:20,2022-01-16 21:54:20,1066.2853833333334,8.163501666666667,0.026778333333333335,3.5669367796610167,32.30508474576271,58.73728813559322
2022-01-16 21:59:39,2022-01-16 21:59:39,1005.1591750000001,7.9348350000000005,0.025938333333333338,3.562798813559322,32.29661016949152,58.75847457627118
2022-01-16 22:04:58,2022-01-16 22:04:58,1005.1591750000001,7.924026666666667,0.029576666666666664,3.5586608474576273,32.28813559322034,58.779661016949156
2022-01-16 22:10:17,2022-01-16 22:10:17,1005.1591750000001,7.924026666666667,0.029576666666666668,3.554522881355932,32.279661016949156,58.80084745762712
2022-01-16 22:15:36,2022-01-16 22:15:36,1005.1591750000001,7.924026666666667,0.029576666666666664,3.550384915254237,32.271186440677965,58.82203389830509
2022-01-16 22:20:55,2022-01-16 22:20:55,1005.1591750000001,7.924026666666667,0.029576666666666668,3.5462469491525423,32.26271186440678,58.84322033898305
2022-01-16 22:26:14,2022-01-16 22:26:14,1005.1591750000001,7.924026666666667,0.029576666666666664,3.5421089830508476,32.25423728813559,58.86440677966102
2022-01-16 22:31:33,2022-01-16 22:31:33,1005.1591750000001,7.9348350000000005,0.02593833333333333,3.5379710169491525,32.24576271186441,58.88559322033898
2022-01-16 22:36:52,2022-01-16 22:36:52,1005.1591750000001,7.924026666666667,0.029576666666666668,3.533833050847458,32.23728813559322,58.90677966101695
2022-01-16 22:42:11,2022-01-16 22:42:11,1005.1591750000001,7.924026666666667,0.029576666666666668,3.5296950847457627,32.228813559322035,58.92796610169491
2022-01-16 22:47:30,2022-01-16 22:47:30,1005.1591750000001,7.9348350000000005,0.02593833333333333,3.525557118644068,32.220338983050844,58.94915254237288
2022-01-16 22:52:49,2022-01-16 22:52:49,1005.1591750000001,7.9348350000000005,0.02593833333333333,3.521419152542373,32.21186440677966,58.970338983050844
2022-01-16 22:58:08,2022-01-16 22:58:08,1005.1591750000001,7.9348350000000005,0.025938333333333338,3.517281186440678,32.20338983050848,58.99152542372882
2022-01-16 23:03:27,2022-01-16 23:03:27,947.8128133333335,7.714268333333334,0.027756666666666666,3.513143220338983,32.19491525423729,59.01271186440678
2022-01-16 23:08:46,2022-01-16 23:08:46,952.79823,7.7677466666666675,0.028316666666666667,3.5090052542372883,32.186440677966104,59.03389830508475
2022-01-16 23:14:05,2022-01-16 23:14:05,947.8128133333335,7.714268333333334,0.027756666666666666,3.504867288135593,32.17796610169491,59.05508474576271
2022-01-16 23:19:24,2022-01-16 23:19:24,947.8128133333335,7.714268333333334,0.027756666666666666,3.5007293220338984,32.16949152542373,59.07627118644068
2022-01-16 23:24:43,2022-01-16 23:24:43,952.79823,7.7677466666666675,0.028316666666666667,3.4965913559322033,32.16101694915254,59.097457627118644
2022-01-16 23:30:02,2022-01-16 23:30:02,952.79823,7.7677466666666675,0.028316666666666667,3.4924533898305086,32.152542372881356,59.11864406779661
2022-01-16 23:35:21,2022-01-16 23:35:21,895.4518683333334,7.547180000000001,0.029296666666666665,3.4883154237288134,32.144067796610166,59.139830508474574
2022-01-16 23:40:40,2022-01-16 23:40:40,890.4664516666667,7.504510000000001,0.030276666666666664,3.4841774576271187,32.13559322033898,59.16101694915254
2022-01-16 23:45:59,2022-01-16 23:45:59,895.4518683333334,7.547180000000001,0.029296666666666665,3.4800394915254236,32.1271186440678,59.182203389830505
2022-01-16 23:51:18,2022-01-16 23:51:18,890.4664516666667,7.504510000000001,0.030276666666666664,3.475901525423729,32.11864406779661,59.20338983050848
2022-01-16 23:56:37,2022-01-16 23:56:37,895.4518683333334,7.547180000000001,0.029296666666666665,3.4717635593220337,32.110169491525426,59.22457627118644
2022-01-17 00:01:56,2022-01-17 00:01:56,890.4664516666667,7.504510000000001,0.030276666666666664,3.467625593220339,32.101694915254235,59.24576271186441
2022-01-17 00:07:15,2022-01-17 00:07:15,890.4664516666667,7.504510000000001,0.030276666666666664,3.463487627118644,32.09322033898305,59.266949152542374
2022-01-17 00:12:34,2022-01-17 00:12:34,890.4664516666668,7.50451,0.03027666666666667,3.459349661016949,32.08474576271186,59.28813559322034
2022-01-17 00:17:53,2022-01-17 00:17:53,895.4518683333334,7.557988333333334,0.030836666666666665,3.455211694915254,32.07627118644068,59.309322033898304
2022-01-17 00:23:12,2022-01-17 00:23:12,895.4518683333334,7.547180000000001,0.029296666666666665,3.4510737288135593,32.067796610169495,59.33050847457627
2022-01-17 00:28:31,2022-01-17 00:28:31,895.4518683333336,7.54718,0.034475,3.446935762711864,32.059322033898304,59.351694915254235
2022-01-17 00:33:50,2022-01-17 00:33:50,895.4518683333334,7.547180000000001,0.034475,3.4427977966101695,32.05084745762712,59.3728813559322
2022-01-17 00:39:09,2022-01-17 00:39:09,838.1055066666668,7.337421666666668,0.03209666666666666,3.438659830508475,32.04237288135593,59.39406779661017
2022-01-17 00:44:28,2022-01-17 00:44:28,838.1055066666668,7.337421666666668,0.03209666666666666,3.4345218644067796,32.03389830508475,59.41525423728814
2022-01-17 00:49:47,2022-01-17 00:49:47,889.4527349999998,7.515093333333333,0.03223666666666667,3.4303838983050845,32.02542372881356,59.436440677966104
2022-01-17 00:55:06,2022-01-17 00:55:06,889.4527349999998,7.515093333333333,0.03223666666666667,3.42624593220339,32.016949152542374,59.45762711864407
2022-01-17 01:00:25,2022-01-17 01:00:25,889.4527350000002,7.515093333333334,0.03223666666666667,3.422107966101695,32.00847457627118,59.478813559322035
2022-01-17 01:05:44,2022-01-17 01:05:44,889.4527349999998,7.515093333333334,0.03223666666666667,3.41797,32.0,59.5
2022-01-17 01:11:03,2022-01-17 01:11:03,889.4527349999998,7.515093333333334,0.03223666666666667,3.4138320338983053,31.991525423728813,59.521186440677965
2022-01-17 01:16:22,2022-01-17 01:16:22,889.4527349999998,7.515093333333334,0.03223666666666667,3.40969406779661,31.983050847457626,59.54237288135593
2022-01-17 01:21:41,2022-01-17 01:21:41,950.81363,7.724851666666667,0.03223666666666667,3.4055561016949154,31.97457627118644,59.563559322033896
2022-01-17 01:27:00,2022-01-17 01:27:00,950.81363,7.724851666666667,0.03223666666666667,3.4014181355932203,31.966101694915253,59.58474576271186
2022-01-17 01:32:19,2022-01-17 01:32:19,1007.1170583333334,7.9454183333333335,0.03265666666666666,3.3972801694915256,31.95762711864407,59.60593220338983
2022-01-17 01:37:38,2022-01-17 01:37:38,945.3050283333333,7.705943333333333,0.03853500000000001,3.3931422033898304,31.949152542372882,59.6271186440678
2022-01-17 01:42:57,2022-01-17 01:42:57,945.3050283333333,7.705943333333334,0.03853500000000001,3.3890042372881357,31.940677966101696,59.648305084745765
2022-01-17 01:48:16,2022-01-17 01:48:16,945.3050283333333,7.705943333333334,0.03853500000000001,3.3848662711864406,31.93220338983051,59.66949152542373
2022-01-17 01:53:35,2022-01-17 01:53:35,945.3050283333333,7.705943333333333,0.03853500000000001,3.380728305084746,31.923728813559322,59.690677966101696
2022-01-17 01:58:54,2022-01-17 01:58:54,945.3050283333333,7.705943333333334,0.03853500000000001,3.3765903389830507,31.915254237288135,59.71186440677966
2022-01-17 02:04:13,2022-01-17 02:04:13,945.3050283333333,7.705943333333334,0.03853500000000001,3.372452372881356,31.906779661016948,59.733050847457626
2022-01-17 02:09:32,2022-01-17 02:09:32,945.3050283333333,7.705943333333334,0.03853500000000001,3.368314406779661,31.89830508474576,59.75423728813559
2022-01-17 02:14:51,2022-01-17 02:14:51,945.3050283333333,7.705943333333333,0.03853500000000001,3.364176440677966,31.889830508474578,59.77542372881356
2022-01-17 02:20:10,2022-01-17 02:20:10,945.3050283333333,7.705943333333334,0.03853500000000001,3.360038474576271,31.88135593220339,59.79661016949152
2022-01-17 02:25:29,2022-01-17 02:25:29,945.3050283333333,7.705943333333333,0.03853500000000001,3.3559005084745763,31.872881355932204,59.817796610169495
2022-01-17 02:30:48,2022-01-17 02:30:48,945.3050283333333,7.705943333333334,0.03853500000000001,3.351762542372881,31.864406779661017,59.83898305084746
2022-01-17 02:36:07,2022-01-17 02:36:07,945.3050283333333,7.705943333333334,0.03853500000000001,3.3476245762711865,31.85593220338983,59.860169491525426
2022-01-17 02:41:26,2022-01-17 02:41:26,887.9586666666668,7.474510000000001,0.03965333333333334,3.3434866101694913,31.847457627118644,59.88135593220339
2022-01-17 02:46:45,2022-01-17 02:46:45,1002.95882,7.8594,0.036295,3.3393486440677966,31.838983050847457,59.902542372881356
2022-01-17 02:52:04,2022-01-17 02:52:04,1002.95882,7.8594,0.036295,3.335210677966102,31.83050847457627,59.92372881355932
2022-01-17 02:57:23,2022-01-17 02:57:23,1002.95882,7.859400000000001,0.036295,3.331072711864407,31.822033898305087,59.94491525423729
2022-01-17 03:02:42,2022-01-17 03:02:42,1002.95882,7.8594,0.036295,3.3269347457627116,31.8135593220339,59.96610169491525
2022-01-17 03:08:01,2022-01-17 03:08:01,1002.95882,7.859400000000001,0.036295,3.322796779661017,31.805084745762713,59.98728813559322
2022-01-17 03:13:20,2022-01-17 03:13:20,1002.95882,7.859400000000001,0.036295,3.3186588135593222,31.796610169491526,60.00847457627118
2022-01-17 03:18:39,2022-01-17 03:18:39,1002.95882,7.859400000000001,0.036295,3.314520847457627,31.78813559322034,60.02966101694915
2022-01-17 03:23:58,2022-01-17 03:23:58,1002.95882,7.859400000000001,0.036295,3.310382881355932,31.779661016949152,60.05084745762712
2022-01-17 03:29:17,2022-01-17 03:29:17,1002.95882,7.859400000000001,0.036295,3.3062449152542372,31.771186440677965,60.07203389830509
2022-01-17 03:34:36,2022-01-17 03:34:36,1002.95882,7.859400000000001,0.036295,3.3021069491525425,31.76271186440678,60.09322033898305
2022-01-17 03:39:55,2022-01-17 03:39:55,1002.95882,7.859400000000001,0.036295,3.2979689830508474,31.75423728813559,60.11440677966102
2022-01-17 03:45:14,2022-01-17 03:45:14,1002.95882,7.859400000000001,0.036295,3.2938310169491523,31.74576271186441,60.13559322033898
2022-01-17 03:50:33,2022-01-17 03:50:33,1002.95882,7.859400000000001,0.036295,3.2896930508474576,31.73728813559322,60.15677966101695
2022-01-17 03:55:52,2022-01-17 03:55:52,1002.95882,7.8594,0.036295,3.285555084745763,31.728813559322035,60.17796610169491
2022-01-17 04:01:11,2022-01-17 04:01:11,1002.95882,7.859400000000001,0.036295,3.2814171186440677,31.720338983050848,60.19915254237288
2022-01-17 04:06:30,2022-01-17 04:06:30,985.6245250000001,7.819525000000001,0.03895333333333333,3.277279152542373,31.71186440677966,60.220338983050844
2022-01-17 04:11:49,2022-01-17 04:11:49,985.6245250000001,7.819524999999999,0.03895333333333333,3.273141186440678,31.703389830508474,60.24152542372882
2022-01-17 04:17:08,2022-01-17 04:17:08,990.6313416666667,7.830163333333332,0.036015,3.269003220338983,31.694915254237287,60.26271186440678
2022-01-17 04:22:27,2022-01-17 04:22:27,931.1046116666666,7.632373333333335,0.036435,3.264865254237288,31.6864406779661,60.28389830508475
2022-01-17 04:27:46,2022-01-17 04:27:46,931.1046116666666,7.632373333333334,0.036435,3.2607272881355933,31.677966101694913,60.30508474576271
2022-01-17 04:33:05,2022-01-17 04:33:05,931.1046116666666,7.632373333333334,0.036435,3.256589322033898,31.66949152542373,60.32627118644068
2022-01-17 04:38:24,2022-01-17 04:38:24,931.1046116666668,7.632373333333334,0.036435,3.2524513559322035,31.661016949152543,60.347457627118644
2022-01-17 04:43:43,2022-01-17 04:43:43,931.1046116666668,7.632373333333334,0.036435,3.2483133898305083,31.652542372881356,60.36864406779661
2022-01-17 04:49:02,2022-01-17 04:49:02,990.834825,7.839591666666667,0.031536666666666664,3.2441754237288136,31.64406779661017,60.389830508474574
2022-01-17 04:54:21,2022-01-17 04:54:21,990.834825,7.839591666666667,0.031536666666666664,3.2400374576271185,31.635593220338983,60.41101694915254
2022-01-17 04:59:40,2022-01-17 04:59:40,930.5684033333333,7.590738333333334,0.030418333333333335,3.2358994915254238,31.627118644067796,60.432203389830505
2022-01-17 05:04:59,2022-01-17 05:04:59,926.2753200000001,7.601546666666668,0.030978333333333333,3.2317615254237286,31.61864406779661,60.45338983050848
2022-01-17 05:10:18,2022-01-17 05:10:18,926.2753200000001,7.601546666666668,0.030978333333333333,3.227623559322034,31.610169491525422,60.47457627118644
2022-01-17 05:15:37,2022-01-17 05:15:37,926.2753200000001,7.601546666666668,0.030978333333333333,3.223485593220339,31.60169491525424,60.49576271186441
2022-01-17 05:20:56,2022-01-17 05:20:56,865.244515,7.362071666666668,0.03111833333333333,3.219347627118644,31.593220338983052,60.516949152542374
2022-01-17 05:26:15,2022-01-17 05:26:15,858.1351333333333,7.354825000000001,0.031398333333333334,3.2152096610169494,31.584745762711865,60.53813559322034
2022-01-17 05:31:34,2022-01-17 05:31:34,858.1351333333333,7.354825000000001,0.031398333333333334,3.2110716949152542,31.576271186440678,60.559322033898304
2022-01-17 05:36:53,2022-01-17 05:36:53,858.1351333333333,7.354825000000001,0.031398333333333334,3.206933728813559,31.56779661016949,60.58050847457627
2022-01-17 05:42:12,2022-01-17 05:42:12,858.1351333333333,7.354825000000001,0.031398333333333334,3.2027957627118644,31.559322033898304,60.601694915254235
2022-01-17 05:47:31,2022-01-17 05:47:31,858.1351333333333,7.354825000000001,0.031398333333333334,3.1986577966101697,31.550847457627118,60.6228813559322
2022-01-17 05:52:50,2022-01-17 05:52:50,858.1351333333333,7.354825000000001,0.031398333333333334,3.1945198305084745,31.54237288135593,60.64406779661017
2022-01-17 05:58:09,2022-01-17 05:58:09,858.1351333333333,7.354825000000001,0.031398333333333334,3.1903818644067794,31.533898305084747,60.66525423728814
2022-01-17 06:03:28,2022-01-17 06:03:28,858.1351333333333,7.354825000000001,0.031398333333333334,3.1862438983050847,31.52542372881356,60.686440677966104
2022-01-17 06:08:47,2022-01-17 06:08:47,858.1351333333333,7.354825000000001,0.031398333333333334,3.18210593220339,31.516949152542374,60.70762711864407
2022-01-17 06:14:06,2022-01-17 06:14:06,858.1351333333333,7.354825000000001,0.031398333333333334,3.177967966101695,31.508474576271187,60.728813559322035
2022-01-17 06:19:25,2022-01-17 06:19:25,797.1043283333333,7.105971666666666,0.030138333333333333,3.1738299999999997,31.5,60.75
2022-01-17 06:24:44,2022-01-17 06:24:44,797.1043283333333,7.105971666666666,0.030138333333333333,3.169692033898305,31.491525423728813,60.771186440677965
2022-01-17 06:30:03,2022-01-17 06:30:03,797.1043283333333,7.105971666666666,0.030138333333333333,3.1655540677966103,31.483050847457626,60.79237288135593
2022-01-17 06:35:22,2022-01-17 06:35:22,797.1043283333333,7.105971666666668,0.030138333333333336,3.161416101694915,31.47457627118644,60.813559322033896
2022-01-17 06:40:41,2022-01-17 06:40:41,855.5853083333333,7.336018333333334,0.03209833333333333,3.1572781355932205,31.466101694915253,60.83474576271186
2022-01-17 06:46:00,2022-01-17 06:46:00,855.5853083333333,7.336018333333333,0.03209833333333333,3.1531401694915253,31.45762711864407,60.85593220338983
2022-01-17 06:51:19,2022-01-17 06:51:19,855.5853083333333,7.336018333333333,0.03209833333333333,3.1490022033898306,31.449152542372882,60.8771186440678
2022-01-17 06:56:38,2022-01-17 06:56:38,810.8430483333333,7.168675,0.03335833333333333,3.1448642372881355,31.440677966101696,60.898305084745765
2022-01-17 07:01:57,2022-01-17 07:01:57,810.8430483333333,7.168675,0.03335833333333333,3.1407262711864408,31.43220338983051,60.91949152542373
2022-01-17 07:07:16,2022-01-17 07:07:16,810.8430483333333,7.168675,0.03335833333333333,3.1365883050847456,31.423728813559322,60.940677966101696
2022-01-17 07:12:35,2022-01-17 07:12:35,810.8430483333333,7.168675,0.03335833333333333,3.132450338983051,31.415254237288135,60.96186440677966
2022-01-17 07:17:54,2022-01-17 07:17:54,810.8430483333333,7.168675,0.03335833333333333,3.1283123728813558,31.406779661016948,60.983050847457626
2022-01-17 07:23:13,2022-01-17 07:23:13,810.8430483333333,7.168675,0.03335833333333333,3.124174406779661,31.39830508474576,61.00423728813559
2022-01-17 07:28:32,2022-01-17 07:28:32,810.8430483333333,7.168675,0.03335833333333333,3.120036440677966,31.389830508474578,61.02542372881356
2022-01-17 07:33:51,2022-01-17 07:33:51,810.8430483333333,7.168675,0.03335833333333333,3.1158984745762712,31.38135593220339,61.04661016949152
2022-01-17 07:39:10,2022-01-17 07:39:10,810.8430483333333,7.168675,0.03335833333333333,3.1117605084745765,31.372881355932204,61.067796610169495
2022-01-17 07:44:29,2022-01-17 07:44:29,810.8430483333333,7.168675,0.03335833333333333,3.1076225423728814,31.364406779661017,61.08898305084746
2022-01-17 07:49:48,2022-01-17 07:49:48,810.8430483333333,7.168675,0.03335833333333333,3.1034845762711862,31.35593220338983,61.110169491525426
2022-01-17 07:55:07,2022-01-17 07:55:07,749.8122433333333,6.9198216666666665,0.03349833333333333,3.0993466101694915,31.347457627118644,61.13135593220339
2022-01-17 08:00:26,2022-01-17 08:00:26,749.8122433333333,6.9198216666666665,0.03349833333333333,3.095208644067797,31.338983050847457,61.152542372881356
2022-01-17 08:05:45,2022-01-17 08:05:45,749.8122433333333,6.9198216666666665,0.03349833333333333,3.0910706779661017,31.33050847457627,61.17372881355932
2022-01-17 08:11:04,2022-01-17 08:11:04,749.8122433333333,6.9198216666666665,0.03349833333333333,3.0869327118644065,31.322033898305087,61.19491525423729
2022-01-17 08:16:23,2022-01-17 08:16:23,749.8122433333333,6.9198216666666665,0.03349833333333333,3.082794745762712,31.3135593220339,61.21610169491525
2022-01-17 08:21:42,2022-01-17 08:21:42,749.8122433333333,6.9198216666666665,0.03349833333333333,3.078656779661017,31.305084745762713,61.23728813559322
2022-01-17 08:27:01,2022-01-17 08:27:01,749.8122433333333,6.9198216666666665,0.03349833333333333,3.074518813559322,31.296610169491526,61.25847457627118
2022-01-17 08:32:20,2022-01-17 08:32:20,749.8122433333333,6.9198216666666665,0.03349833333333333,3.070380847457627,31.28813559322034,61.27966101694915
2022-01-17 08:37:39,2022-01-17 08:37:39,749.8122433333333,6.9198216666666665,0.03349833333333333,3.066242881355932,31.279661016949152,61.30084745762712
2022-01-17 08:42:58,2022-01-17 08:42:58,749.8122433333333,6.9198216666666665,0.03349833333333333,3.0621049152542374,31.271186440677965,61.32203389830509
2022-01-17 08:48:17,2022-01-17 08:48:17,749.8122433333333,6.9198216666666665,0.03349833333333333,3.0579669491525423,31.26271186440678,61.34322033898305
2022-01-17 08:53:36,2022-01-17 08:53:36,749.8122433333333,6.9198216666666665,0.03349833333333333,3.053828983050847,31.25423728813559,61.36440677966102
2022-01-17 08:58:55,2022-01-17 08:58:55,749.8122433333333,6.9198216666666665,0.03349833333333333,3.0496910169491525,31.24576271186441,61.38559322033898
2022-01-17 09:04:14,2022-01-17 09:04:14,749.8122433333333,6.9198216666666665,0.03349833333333333,3.0455530508474578,31.23728813559322,61.40677966101695
2022-01-17 09:09:33,2022-01-17 09:09:33,749.8122433333333,6.9198216666666665,0.03349833333333333,3.0414150847457626,31.228813559322035,61.42796610169491
2022-01-17 09:14:52,2022-01-17 09:14:52,749.8122433333333,6.9198216666666665,0.03349833333333333,3.037277118644068,31.220338983050848,61.44915254237288
2022-01-17 09:20:11,2022-01-17 09:20:11,744.7735583333333,6.910491666666666,0.033918333333333335,3.0331391525423728,31.21186440677966,61.470338983050844
2022-01-17 09:25:30,2022-01-17 09:25:30,744.7735583333333,6.910491666666668,0.03391833333333333,3.029001186440678,31.203389830508474,61.49152542372882
2022-01-17 09:30:49,2022-01-17 09:30:49,758.3758550000001,7.061006666666667,0.029011666666666668,3.024863220338983,31.194915254237287,61.51271186440678
2022-01-17 09:36:08,2022-01-17 09:36:08,818.3648266666668,7.278919999999999,0.026351666666666666,3.020725254237288,31.1864406779661,61.53389830508475
2022-01-17 09:41:27,2022-01-17 09:41:27,818.3648266666668,7.278919999999999,0.026351666666666666,3.016587288135593,31.177966101694913,61.55508474576271
2022-01-17 09:46:46,2022-01-17 09:46:46,818.3648266666668,7.278919999999999,0.026351666666666666,3.0124493220338984,31.16949152542373,61.57627118644068
2022-01-17 09:52:05,2022-01-17 09:52:05,818.3648266666665,7.27892,0.026351666666666666,3.0083113559322032,31.161016949152543,61.597457627118644
2022-01-17 09:57:24,2022-01-17 09:57:24,818.3648266666665,7.278919999999999,0.026351666666666666,3.0041733898305085,31.152542372881356,61.61864406779661
2022-01-17 10:02:43,2022-01-17 10:02:43,757.6906950000001,7.1280833333333335,0.02957,3.0000354237288134,31.14406779661017,61.639830508474574
2022-01-17 10:08:02,2022-01-17 10:08:02,757.6906950000001,7.1280833333333335,0.02957,2.9958974576271187,31.135593220338983,61.66101694915254
2022-01-17 10:13:21,2022-01-17 10:13:21,757.6906950000001,7.1280833333333335,0.02957,2.991759491525424,31.127118644067796,61.682203389830505
2022-01-17 10:18:40,2022-01-17 10:18:40,757.6906950000001,7.1280833333333335,0.02957,2.987621525423729,31.11864406779661,61.70338983050847
2022-01-17 10:23:59,2022-01-17 10:23:59,757.6906950000001,7.1280833333333335,0.02957,2.9834835593220337,31.110169491525422,61.72457627118644
2022-01-17 10:29:18,2022-01-17 10:29:18,757.6906950000001,7.1280833333333335,0.02957,2.979345593220339,31.10169491525424,61.74576271186441
2022-01-17 10:34:37,2022-01-17 10:34:37,757.6906950000001,7.1280833333333335,0.02957,2.9752076271186443,31.093220338983052,61.766949152542374
2022-01-17 10:39:56,2022-01-17 10:39:56,757.6906949999999,7.1280833333333335,0.02957,2.971069661016949,31.084745762711865,61.78813559322034
2022-01-17 10:45:15,2022-01-17 10:45:15,757.6906949999999,7.1280833333333335,0.02957,2.966931694915254,31.076271186440678,61.809322033898304
2022-01-17 10:50:34,2022-01-17 10:50:34,757.6906949999999,7.128083333333333,0.02957,2.9627937288135593,31.06779661016949,61.83050847457627
2022-01-17 10:55:53,2022-01-17 10:55:53,757.6906949999999,7.128083333333333,0.02957,2.9586557627118646,31.059322033898304,61.851694915254235
2022-01-17 11:01:12,2022-01-17 11:01:12,757.6906949999999,7.128083333333333,0.02957,2.9545177966101694,31.050847457627118,61.8728813559322
2022-01-17 11:06:31,2022-01-17 11:06:31,757.6906950000001,7.1280833333333335,0.02957,2.9503798305084743,31.04237288135593,61.89406779661017
2022-01-17 11:11:50,2022-01-17 11:11:50,757.6906950000001,7.1280833333333335,0.02957,2.9462418644067796,31.033898305084747,61.91525423728814
2022-01-17 11:17:09,2022-01-17 11:17:09,757.6906950000001,7.1280833333333335,0.02957,2.942103898305085,31.02542372881356,61.936440677966104
2022-01-17 11:22:28,2022-01-17 11:22:28,757.6906950000001,7.1280833333333335,0.02957,2.9379659322033898,31.016949152542374,61.95762711864407
2022-01-17 11:27:47,2022-01-17 11:27:47,757.6906950000001,7.1280833333333335,0.02957,2.933827966101695,31.008474576271187,61.978813559322035
2022-01-17 16:22:07,2022-01-17 16:22:07,1093.646,7.309643333333333,0.027760000000000003,2.92969,31.0,62.0
2022-01-17 16:27:21,2022-01-17 16:27:21,721.81506,7.37048,0.03196,2.39258,31.0,62.0
2022-01-17 16:32:37,2022-01-17 16:32:37,749.8122433333333,7.31112,0.036294999999999994,2.34375,31.0,61.0
2022-01-17 16:37:52,2022-01-17 16:37:52,703.41467,7.25207,0.04371,2.24609,31.0,61.0
2022-01-17 16:43:06,2022-01-17 16:43:06,703.41467,7.19334,0.03867,2.14844,31.0,61.0
2022-01-17 16:48:20,2022-01-17 16:48:20,749.8122433333333,7.25207,0.036715,2.14844,31.0,61.0
2022-01-17 16:53:35,2022-01-17 16:53:35,699.30371,7.19334,0.03783,2.73438,31.0,62.0
2022-01-17 16:58:49,2022-01-17 16:58:49,699.30371,7.19334,0.03293666666666666,2.14844,31.0,62.0
2022-01-17 17:04:04,2022-01-17 17:04:04,1004.565,7.02142,0.04203,2.19727,31.0,62.0
2022-01-17 17:09:19,2022-01-17 17:09:19,717.58795,7.19334,0.03615,2.19727,31.0,63.0
2022-01-17 17:14:36,2022-01-17 17:14:36,773.3948116666667,7.07681,0.03364,2.14844,31.0,62.0
2022-01-17 17:19:51,2022-01-17 17:19:51,695.20856,7.07681,0.04455,2.14844,31.0,63.0
2022-01-17 17:25:05,2022-01-17 17:25:05,888.7829,7.006483333333333,0.034755,2.14844,31.0,63.0
2022-01-17 17:30:21,2022-01-17 17:30:21,970.34601,6.886185,0.02944,2.63672,31.0,63.0
2022-01-17 17:35:35,2022-01-17 17:35:35,777.0570900000001,7.01901,0.03951,2.14844,31.0,63.0
2022-01-17 17:40:50,2022-01-17 17:40:50,918.677295,7.79494,0.04035,2.14844,30.0,64.0
2022-01-17 17:46:04,2022-01-17 17:46:04,698.21021,7.13492,0.04119,2.14844,30.0,64.0
2022-01-17 17:51:19,2022-01-17 17:51:19,720.6864,7.19334,0.03699,2.14844,30.0,64.0
2022-01-17 17:56:33,2022-01-17 17:56:33,720.6864,7.13492,0.04203,2.68555,30.0,64.0
2022-01-17 18:01:47,2022-01-17 18:01:47,720.6864,7.13492,0.03699,2.68555,30.0,64.0
2022-01-17 18:07:03,2022-01-17 18:07:03,716.46344,7.07681,0.02104,2.14844,30.0,65.0
2022-01-17 18:12:17,2022-01-17 18:12:17,716.46344,7.01901,0.03867,2.09961,30.0,65.0
2022-01-17 18:17:31,2022-01-17 18:17:31,1019.9689,7.07681,0.03657333333333333,2.09961,30.0,66.0
2022-01-17 18:22:45,2022-01-17 18:22:45,708.0647,7.07681,0.03448,2.09961,30.0,67.0
2022-01-17 18:27:59,2022-01-17 18:27:59,979.61713,6.952446666666667,0.04371,2.09961,30.0,68.0
2022-01-17 18:33:14,2022-01-17 18:33:14,703.88922,6.96152,0.03364,2.09961,30.0,68.0
2022-01-17 18:38:28,2022-01-17 18:38:28,704.3842599999999,7.01901,0.03867,2.09961,30.0,67.0
2022-01-17 18:43:42,2022-01-17 18:43:42,968.06049,7.0453883333333325,0.04875,2.68555,30.0,70.0
2022-01-17 18:48:56,2022-01-17 18:48:56,706.9497700000001,6.84745,0.03279666666666666,2.09961,30.0,69.0
2022-01-17 18:54:10,2022-01-17 18:54:10,765.2272849999999,6.96152,0.03531,2.09961,30.0,68.0
2022-01-17 18:59:24,2022-01-17 18:59:24,703.88922,7.07681,0.02776,2.09961,30.0,68.0
2022-01-17 19:04:39,2022-01-17 19:04:39,681.93695,7.01901,0.03028,2.09961,30.0,68.0
2022-01-17 19:09:54,2022-01-17 19:09:54,704.3842599999999,6.79088,0.03615,2.09961,30.0,67.0
2022-01-17 19:15:09,2022-01-17 19:15:09,708.0647,7.19334,0.0286,2.14844,30.0,67.0
2022-01-17 19:20:23,2022-01-17 19:20:23,708.0647,7.07681,0.04119,2.14844,30.0,67.0
2022-01-17 19:25:37,2022-01-17 19:25:37,685.98206,7.01901,0.02272,2.14844,30.0,67.0
2022-01-17 19:30:53,2022-01-17 19:30:53,690.04291,6.96152,0.0286,2.14844,30.0,66.0
2022-01-17 19:36:07,2022-01-17 19:36:07,668.32397,6.62296,0.04287,2.63672,30.0,66.0
2022-01-17 19:41:21,2022-01-17 19:41:21,712.25616,7.01901,0.0328,2.14844,30.0,66.0
2022-01-17 19:46:36,2022-01-17 19:46:36,694.11871,6.96152,0.02188,2.14844,30.0,65.0
2022-01-17 19:51:51,2022-01-17 19:51:51,968.82532,6.9961883333333335,0.03783,2.68555,30.0,65.0
2022-01-17 19:57:05,2022-01-17 19:57:05,694.11871,6.96152,0.03867,2.14844,30.0,65.0
2022-01-17 20:02:19,2022-01-17 20:02:19,716.46344,6.90433,0.03531,2.14844,30.0,65.0
2022-01-17 20:07:33,2022-01-17 20:07:33,716.46344,6.96152,0.03196,2.14844,30.0,65.0
2022-01-17 20:12:48,2022-01-17 20:12:48,716.46344,6.96152,0.03699,2.19727,30.0,65.0
2022-01-17 20:18:02,2022-01-17 20:18:02,716.46344,6.96152,0.02524,2.14844,30.0,65.0
2022-01-17 20:23:17,2022-01-17 20:23:17,716.46344,6.96152,0.02188,2.14844,30.0,65.0
2022-01-17 20:39:16,2022-01-17 20:39:16,1032.0413,7.5237750000000005,0.031255,2.68555,30.0,64.0
2022-01-17 20:44:30,2022-01-17 20:44:30,724.92523,6.84745,0.02776,2.14844,30.0,63.0
2022-01-17 20:49:44,2022-01-17 20:49:44,732.31006,6.84745,0.02188,2.14844,29.0,63.0
2022-01-17 20:54:58,2022-01-17 20:54:58,755.66431,6.84745,0.02188,2.14844,29.0,63.0
2022-01-17 21:00:12,2022-01-17 21:00:12,732.31006,6.79088,0.02776,2.14844,29.0,63.0
2022-01-17 21:05:27,2022-01-17 21:05:27,990.25421,7.114141666666666,0.03699,2.68555,29.0,63.0
2022-01-17 21:10:42,2022-01-17 21:10:42,676.23407,6.67863,0.0286,2.14844,30.0,64.0
2022-01-17 21:15:56,2022-01-17 21:15:56,846.4849133333332,6.67863,0.02356,2.14844,29.0,63.0
2022-01-17 21:21:10,2022-01-17 21:21:10,691.15942,6.56758,0.02944,2.14844,29.0,62.0
2022-01-17 21:26:24,2022-01-17 21:26:24,680.21161,6.62296,0.03364,2.14844,30.0,63.0
2022-01-17 21:31:42,2022-01-17 21:31:42,676.23407,6.62296,0.02692,2.14844,30.0,64.0
2022-01-17 21:36:56,2022-01-17 21:36:56,676.23407,6.62296,0.016,2.14844,30.0,64.0
2022-01-17 21:42:12,2022-01-17 21:42:12,676.23407,6.67863,0.02384,2.14844,30.0,64.0
2022-01-17 21:47:28,2022-01-17 21:47:28,676.23407,6.67863,0.01684,2.14844,30.0,64.0
2022-01-17 21:52:42,2022-01-17 21:52:42,676.23407,6.67863,0.02944,2.14844,30.0,64.0
2022-01-17 21:57:57,2022-01-17 21:57:57,676.23407,6.73461,0.02608,2.14844,30.0,64.0
2022-01-17 22:03:12,2022-01-17 22:03:12,676.23407,6.73461,0.02524,2.14844,30.0,64.0
2022-01-17 22:08:26,2022-01-17 22:08:26,672.27136,6.67863,0.029576666666666668,2.14844,30.0,65.0
2022-01-17 22:13:42,2022-01-17 22:13:42,672.27136,6.73461,0.02272,2.14844,30.0,65.0
2022-01-17 22:18:56,2022-01-17 22:18:56,672.27136,6.73461,0.02776,2.14844,30.0,65.0
2022-01-17 22:24:11,2022-01-17 22:24:11,694.11871,6.84745,0.02692,2.14844,30.0,65.0
2022-01-17 22:29:26,2022-01-17 22:29:26,694.11871,6.79088,0.03364,2.14844,30.0,65.0
2022-01-17 22:34:41,2022-01-17 22:34:41,672.27136,6.84745,0.03112,2.19727,30.0,65.0
2022-01-17 22:39:56,2022-01-17 22:39:56,694.11871,6.79088,0.03112,2.14844,30.0,65.0
2022-01-17 22:45:11,2022-01-17 22:45:11,672.27136,6.79088,0.02104,2.73438,30.0,65.0
2022-01-17 22:50:26,2022-01-17 22:50:26,694.11871,6.84745,0.02944,2.19727,30.0,65.0
2022-01-17 22:55:40,2022-01-17 22:55:40,694.11871,6.84745,0.0202,2.19727,30.0,65.0
2022-01-17 23:00:56,2022-01-17 23:00:56,672.27136,6.73461,0.03531,2.19727,30.0,65.0
2022-01-17 23:06:10,2022-01-17 23:06:10,694.11871,6.79088,0.03867,2.19727,30.0,65.0
2022-01-17 23:11:24,2022-01-17 23:11:24,668.32397,6.79088,0.03448,2.19727,30.0,66.0
2022-01-17 23:16:38,2022-01-17 23:16:38,668.32397,6.73461,0.0202,2.19727,30.0,66.0
2022-01-17 23:21:52,2022-01-17 23:21:52,668.32397,6.79088,0.02944,2.19727,30.0,66.0
2022-01-17 23:27:07,2022-01-17 23:27:07,668.32397,6.79088,0.02524,2.19727,30.0,66.0
2022-01-17 23:32:24,2022-01-17 23:32:24,668.32397,6.79088,0.02776,2.19727,30.0,66.0
2022-01-17 23:37:40,2022-01-17 23:37:40,701.22034,6.79088,0.0286,2.19727,29.0,65.0
2022-01-17 23:42:55,2022-01-17 23:42:55,690.04291,6.79088,0.03531,2.19727,30.0,66.0
2022-01-17 23:48:10,2022-01-17 23:48:10,690.04291,6.79088,0.032514999999999995,2.19727,30.0,66.0
2022-01-17 23:53:25,2022-01-17 23:53:25,690.04291,6.79088,0.02356,2.19727,30.0,66.0
2022-01-17 23:58:40,2022-01-17 23:58:40,701.22034,6.84745,0.033775,2.19727,29.0,65.0
2022-01-18 00:03:55,2022-01-18 00:03:55,963.13599,6.942915,0.035735,2.73438,30.0,66.0
2022-01-18 00:09:09,2022-01-18 00:09:09,701.22034,6.90433,0.04371,2.19727,29.0,65.0
2022-01-18 00:14:24,2022-01-18 00:14:24,777.5964316666667,6.84745,0.03867,2.83203,29.0,66.0
2022-01-18 00:19:38,2022-01-18 00:19:38,701.22034,6.84745,0.03531,2.19727,29.0,65.0
2022-01-18 00:24:53,2022-01-18 00:24:53,712.25616,6.90433,0.032795,2.19727,30.0,66.0
2022-01-18 00:30:08,2022-01-18 00:30:08,712.25616,6.90433,0.0286,2.19727,30.0,66.0
2022-01-18 00:35:22,2022-01-18 00:35:22,712.25616,6.96152,0.03615,2.19727,30.0,66.0
2022-01-18 00:40:36,2022-01-18 00:40:36,708.0647,6.96152,0.034333333333333334,2.19727,30.0,67.0
2022-01-18 00:45:50,2022-01-18 00:45:50,712.25616,6.96152,0.01852,2.19727,30.0,66.0
2022-01-18 00:51:04,2022-01-18 00:51:04,708.0647,6.90433,0.03028,2.73438,30.0,67.0
2022-01-18 00:56:17,2022-01-18 00:56:17,708.0647,6.90433,0.01936,2.19727,30.0,67.0
2022-01-18 01:01:33,2022-01-18 01:01:33,708.0647,6.90433,0.03531,2.19727,30.0,67.0
2022-01-18 01:06:46,2022-01-18 01:06:46,719.55847,6.90433,0.02524,2.19727,29.0,66.0
2022-01-18 01:12:01,2022-01-18 01:12:01,719.55847,6.9046883333333335,0.01852,2.19727,29.0,66.0
2022-01-18 01:17:16,2022-01-18 01:17:16,708.0647,6.90433,0.03699,2.19727,30.0,67.0
2022-01-18 01:22:30,2022-01-18 01:22:30,719.55847,6.90433,0.02944,2.19727,29.0,66.0
2022-01-18 01:27:44,2022-01-18 01:27:44,719.55847,6.90433,0.0328,2.19727,29.0,66.0
2022-01-18 01:33:00,2022-01-18 01:33:00,697.11761,6.84745,0.02356,2.19727,29.0,66.0
2022-01-18 01:38:14,2022-01-18 01:38:14,693.03064,6.84745,0.03363666666666667,2.19727,29.0,67.0
2022-01-18 01:43:28,2022-01-18 01:43:28,693.03064,6.84745,0.03364,2.19727,29.0,67.0
2022-01-18 01:48:43,2022-01-18 01:48:43,693.03064,6.90433,0.02692,2.19727,29.0,67.0
2022-01-18 01:53:57,2022-01-18 01:53:57,693.03064,6.84745,0.03363666666666667,2.19727,29.0,67.0
2022-01-18 01:59:11,2022-01-18 01:59:11,989.70398,6.981091666666668,0.03112,2.73438,29.0,68.0
2022-01-18 02:04:25,2022-01-18 02:04:25,715.33966,6.90433,0.03531,2.19727,29.0,67.0
2022-01-18 02:09:40,2022-01-18 02:09:40,715.33966,6.84745,0.04119,2.19727,29.0,67.0
2022-01-18 02:14:54,2022-01-18 02:14:54,715.33966,6.84745,0.03196,2.19727,29.0,67.0
2022-01-18 02:20:09,2022-01-18 02:20:09,715.33966,6.84745,0.03531,2.19727,29.0,67.0
2022-01-18 02:25:24,2022-01-18 02:25:24,715.33966,6.84745,0.03699,2.19727,29.0,67.0
2022-01-18 02:30:38,2022-01-18 02:30:38,693.03064,6.79088,0.03363666666666667,2.19727,29.0,67.0
2022-01-18 02:35:52,2022-01-18 02:35:52,715.33966,6.84745,0.01684,2.19727,29.0,67.0
2022-01-18 02:41:07,2022-01-18 02:41:07,715.33966,6.84745,0.02272,2.19727,29.0,67.0
2022-01-18 02:46:20,2022-01-18 02:46:20,715.33966,6.90433,0.02608,2.19727,29.0,67.0
2022-01-18 02:51:34,2022-01-18 02:51:34,711.13696,6.84745,0.02944,2.19727,29.0,68.0
2022-01-18 02:56:48,2022-01-18 02:56:48,989.70398,6.981091666666668,0.03196,2.73438,29.0,68.0
2022-01-18 03:02:02,2022-01-18 03:02:02,711.13696,6.90433,0.03027666666666667,2.19727,29.0,68.0
2022-01-18 03:07:16,2022-01-18 03:07:16,711.13696,6.90433,0.03027666666666667,2.19727,29.0,68.0
2022-01-18 03:12:30,2022-01-18 03:12:30,711.13696,6.90433,0.03027666666666667,2.19727,29.0,68.0
2022-01-18 03:17:45,2022-01-18 03:17:45,711.13696,6.90433,0.02524,2.58789,29.0,68.0
2022-01-18 03:22:59,2022-01-18 03:22:59,711.13696,6.84745,0.03028,2.19727,29.0,68.0
2022-01-18 03:28:14,2022-01-18 03:28:14,711.13696,6.84745,0.03027666666666667,2.19727,29.0,68.0
2022-01-18 03:33:28,2022-01-18 03:33:28,706.94977,6.84745,0.0286,2.19727,29.0,69.0
2022-01-18 03:38:42,2022-01-18 03:38:42,711.13696,6.84745,0.03531,2.19727,29.0,68.0
2022-01-18 03:43:56,2022-01-18 03:43:56,706.94977,6.84745,0.02944,2.19727,29.0,69.0
2022-01-18 03:49:11,2022-01-18 03:49:11,706.94977,6.84745,0.03783,2.58789,29.0,69.0
2022-01-18 03:54:27,2022-01-18 03:54:27,706.94977,6.84745,0.03615,2.19727,29.0,69.0
2022-01-18 03:59:41,2022-01-18 03:59:41,706.94977,6.84745,0.03028,2.19727,29.0,69.0
2022-01-18 04:04:57,2022-01-18 04:04:57,706.94977,6.84745,0.02692,2.19727,29.0,69.0
2022-01-18 04:10:11,2022-01-18 04:10:11,983.87665,7.0098383333333345,0.03783,2.19727,29.0,69.0
2022-01-18 04:15:26,2022-01-18 04:15:26,706.94977,6.84745,0.04539,2.19727,29.0,69.0
2022-01-18 04:20:40,2022-01-18 04:20:40,753.10425,6.96152,0.02608,2.19727,29.0,69.0
2022-01-18 04:25:54,2022-01-18 04:25:54,706.94977,6.84745,0.03867,2.19727,29.0,69.0
2022-01-18 04:31:09,2022-01-18 04:31:09,706.94977,6.84745,0.02356,2.73438,29.0,69.0
2022-01-18 04:36:23,2022-01-18 04:36:23,702.77826,6.84745,0.03448,2.19727,29.0,70.0
2022-01-18 04:41:37,2022-01-18 04:41:37,706.94977,6.84745,0.034755,2.19727,29.0,69.0
2022-01-18 04:46:53,2022-01-18 04:46:53,725.19025,6.84745,0.03615,2.19727,29.0,70.0
2022-01-18 04:52:07,2022-01-18 04:52:07,1006.3965,6.84745,0.02272,2.19727,29.0,70.0
2022-01-18 04:57:22,2022-01-18 04:57:22,720.90228,6.90433,0.01852,2.19727,29.0,71.0
2022-01-18 05:02:37,2022-01-18 05:02:37,725.19025,6.96152,0.04035,2.19727,29.0,70.0
2022-01-18 05:07:51,2022-01-18 05:07:51,725.19025,6.90433,0.03867,2.19727,29.0,70.0
2022-01-18 05:13:07,2022-01-18 05:13:07,748.10376,6.90433,0.02944,2.19727,29.0,70.0
2022-01-18 05:18:21,2022-01-18 05:18:21,748.10376,6.90433,0.03028,2.19727,29.0,70.0
2022-01-18 05:23:35,2022-01-18 05:23:35,748.10376,6.90433,0.01852,2.19727,29.0,70.0
2022-01-18 05:28:49,2022-01-18 05:28:49,1064.8025,7.0098383333333345,0.03699,2.19727,29.0,70.0
2022-01-18 05:34:05,2022-01-18 05:34:05,771.52545,7.6111,0.036713333333333334,2.19727,29.0,70.0
2022-01-18 05:39:19,2022-01-18 05:39:19,771.52545,6.90433,0.036713333333333334,2.19727,29.0,70.0
2022-01-18 05:44:33,2022-01-18 05:44:33,771.52545,6.90433,0.03699,2.73438,29.0,70.0
2022-01-18 05:49:47,2022-01-18 05:49:47,1035.3043,7.009838333333334,0.02776,2.19727,29.0,70.0
2022-01-18 05:55:04,2022-01-18 05:55:04,771.52545,6.90433,0.04455,2.19727,29.0,70.0
2022-01-18 06:00:19,2022-01-18 06:00:19,771.52545,6.90433,0.03028,2.19727,29.0,70.0
2022-01-18 06:05:34,2022-01-18 06:05:34,771.52545,6.90433,0.036713333333333334,2.19727,29.0,70.0
2022-01-18 06:10:51,2022-01-18 06:10:51,1064.8025,7.0098383333333345,0.04119,2.7832,29.0,70.0
2022-01-18 06:16:07,2022-01-18 06:16:07,766.96344,6.90433,0.03867,2.19727,29.0,71.0
2022-01-18 06:21:21,2022-01-18 06:21:21,790.75909,6.96152,0.036575,2.7832,29.0,71.0
2022-01-18 06:26:35,2022-01-18 06:26:35,790.75909,6.96152,0.03196,2.19727,29.0,71.0
2022-01-18 06:31:49,2022-01-18 06:31:49,1094.8987,7.0098383333333345,0.03951,2.7832,29.0,70.0
2022-01-18 06:37:03,2022-01-18 06:37:03,819.92303,7.01901,0.03448,2.19727,29.0,70.0
2022-01-18 06:42:17,2022-01-18 06:42:17,819.92303,7.01901,0.0286,2.73438,29.0,70.0
2022-01-18 06:47:31,2022-01-18 06:47:31,819.92303,7.07681,0.037135,2.19727,29.0,70.0
2022-01-18 06:52:46,2022-01-18 06:52:46,815.07483,7.13492,0.036855,2.19727,29.0,71.0
2022-01-18 06:58:00,2022-01-18 06:58:00,819.92303,7.07681,0.04707,2.19727,29.0,70.0
2022-01-18 07:03:16,2022-01-18 07:03:16,819.92303,7.07681,0.03951,2.19727,29.0,70.0
2022-01-18 07:08:31,2022-01-18 07:08:31,1118.9447,7.009838333333334,0.05043,2.7832,29.0,71.0
2022-01-18 07:13:47,2022-01-18 07:13:47,1150.0754,7.009838333333334,0.04035,2.7832,29.0,71.0
2022-01-18 07:19:00,2022-01-18 07:19:00,815.4246916666667,7.13492,0.04707,2.24609,29.0,71.0
2022-01-18 07:24:16,2022-01-18 07:24:16,839.91693,7.19334,0.03699,2.29492,29.0,71.0
2022-01-18 07:29:31,2022-01-18 07:29:31,839.91693,7.25207,0.04707,2.29492,29.0,71.0
2022-01-18 07:34:46,2022-01-18 07:34:46,839.91693,7.25207,0.04623,2.29492,29.0,71.0
2022-01-18 07:40:01,2022-01-18 07:40:01,844.91309,7.31112,0.0328,2.34375,29.0,70.0
2022-01-18 07:45:16,2022-01-18 07:45:16,844.91309,7.25207,0.035455,2.92969,29.0,70.0
2022-01-18 07:50:31,2022-01-18 07:50:31,844.91309,7.31112,0.03867,2.34375,29.0,70.0
2022-01-18 07:55:46,2022-01-18 07:55:46,844.91309,7.25207,0.0328,2.34375,29.0,70.0
2022-01-18 08:01:00,2022-01-18 08:01:00,889.6040549999999,7.078923333333333,0.03391666666666667,2.39258,29.0,70.0
2022-01-18 08:06:15,2022-01-18 08:06:15,824.78961,7.25207,0.02608,2.39258,29.0,69.0
2022-01-18 08:11:29,2022-01-18 08:11:29,1132.2817,7.009838333333334,0.03951,2.97852,29.0,69.0
2022-01-18 08:16:44,2022-01-18 08:16:44,824.78961,7.19334,0.02524,2.44141,29.0,69.0
2022-01-18 08:21:58,2022-01-18 08:21:58,824.78961,7.19334,0.03783,2.44141,29.0,69.0
2022-01-18 08:27:16,2022-01-18 08:27:16,829.67474,7.25207,0.03951,2.44141,29.0,68.0
2022-01-18 08:32:31,2022-01-18 08:32:31,804.92377,7.19334,0.03699,2.44141,29.0,68.0
2022-01-18 08:37:46,2022-01-18 08:37:46,1114.469,6.971661666666667,0.03531,3.02734,29.0,67.0
2022-01-18 08:43:00,2022-01-18 08:43:00,809.68115,7.13492,0.04119,2.49023,29.0,67.0
2022-01-18 08:53:22,2022-01-18 08:53:22,1053.8096,7.91913,0.03196,3.07617,29.0,67.0
2022-01-18 08:58:37,2022-01-18 08:58:37,761.47516,7.01901,0.02524,2.49023,29.0,67.0
2022-01-18 09:03:51,2022-01-18 09:03:51,830.7092783333333,7.07681,0.03364,2.53906,29.0,67.0
2022-01-18 09:09:06,2022-01-18 09:09:06,761.47516,7.01901,0.04455,2.53906,29.0,67.0
2022-01-18 09:14:20,2022-01-18 09:14:20,1083.8348,6.971661666666667,0.03112,3.125,29.0,67.0
2022-01-18 09:19:35,2022-01-18 09:19:35,772.745,7.07681,0.033775,2.53906,30.0,68.0
2022-01-18 09:24:48,2022-01-18 09:24:48,775.4771433333334,7.07681,0.03363666666666667,3.22266,30.0,68.0
2022-01-18 09:30:03,2022-01-18 09:30:03,1036.9408,6.952446666666667,0.033775,3.17383,30.0,68.0
2022-01-18 09:35:18,2022-01-18 09:35:18,1043.092,6.971661666666667,0.05043,3.17383,30.0,67.0
2022-01-18 09:40:32,2022-01-18 09:40:32,730.89783,7.01901,0.0328,2.58789,30.0,67.0
2022-01-18 09:45:47,2022-01-18 09:45:47,749.28619,7.01901,0.04455,2.63672,30.0,68.0
2022-01-18 09:51:01,2022-01-18 09:51:01,753.73096,6.96152,0.04287,2.63672,30.0,67.0
2022-01-18 09:56:15,2022-01-18 09:56:15,753.73096,6.96152,0.03196,2.63672,30.0,67.0
2022-01-18 10:01:29,2022-01-18 10:01:29,753.73096,6.96152,0.05043,2.63672,30.0,67.0
2022-01-18 10:06:44,2022-01-18 10:06:44,734.97034,6.96152,0.04707,2.68555,30.0,66.0
2022-01-18 10:11:58,2022-01-18 10:11:58,734.97034,6.90433,0.04791,2.68555,30.0,66.0
2022-01-18 10:17:13,2022-01-18 10:17:13,734.97034,6.90433,0.03531,2.68555,30.0,66.0
2022-01-18 10:22:27,2022-01-18 10:22:27,734.97034,6.90433,0.03531,2.68555,30.0,66.0
2022-01-18 10:27:41,2022-01-18 10:27:41,712.25616,6.90433,0.04455,2.68555,30.0,66.0
2022-01-18 10:32:57,2022-01-18 10:32:57,1025.9937,7.193978333333334,0.05043,2.73438,30.0,65.0
2022-01-18 10:38:12,2022-01-18 10:38:12,997.11658,6.9961883333333335,0.03531,2.73438,30.0,65.0
2022-01-18 10:43:28,2022-01-18 10:43:28,842.1569599999998,6.90433,0.03951,2.73438,30.0,65.0
2022-01-18 10:48:42,2022-01-18 10:48:42,835.9441500000003,6.90433,0.04371,2.7832,30.0,64.0
2022-01-18 10:53:57,2022-01-18 10:53:57,713.37646,6.90433,0.03699,2.7832,31.0,64.0
2022-01-18 10:59:12,2022-01-18 10:59:12,750.3527183333334,6.84745,0.0286,2.7832,30.0,64.0
2022-01-18 11:04:27,2022-01-18 11:04:27,744.7947,6.79088,0.03028,2.7832,31.0,63.0
2022-01-18 11:09:42,2022-01-18 11:09:42,695.20856,6.79088,0.04203,2.83203,31.0,63.0
2022-01-18 11:14:56,2022-01-18 11:14:56,695.20856,6.79088,0.02692,2.83203,31.0,63.0
2022-01-18 11:20:11,2022-01-18 11:20:11,695.20856,6.79088,0.04539,2.83203,31.0,63.0
2022-01-18 11:25:26,2022-01-18 11:25:26,976.06238,6.944555000000001,0.04539,3.4668,31.0,62.0
2022-01-18 11:30:41,2022-01-18 11:30:41,677.29352,6.67863,0.03028,2.88086,31.0,62.0
2022-01-18 11:35:56,2022-01-18 11:35:56,780.8213883333334,6.67863,0.029225,2.97852,31.0,62.0
2022-01-18 11:41:10,2022-01-18 11:41:10,699.30371,6.79088,0.02692,2.97852,31.0,62.0
2022-01-18 11:46:24,2022-01-18 11:46:24,981.80011,6.983398333333334,0.03196,2.97852,31.0,61.0
2022-01-18 11:51:39,2022-01-18 11:51:39,757.5451722222223,6.79088,0.03448,2.97852,31.0,61.0
2022-01-18 11:56:53,2022-01-18 11:56:53,703.41467,6.73461,0.02608,2.88086,31.0,61.0
2022-01-18 12:02:06,2022-01-18 12:02:06,703.41467,6.73461,0.03448,2.73438,31.0,61.0
2022-01-18 12:07:20,2022-01-18 12:07:20,703.41467,6.79088,0.04287,2.7832,31.0,61.0
2022-01-18 12:12:34,2022-01-18 12:12:34,699.30371,6.73461,0.02944,3.17383,31.0,62.0
2022-01-18 12:17:48,2022-01-18 12:17:48,703.41467,6.73461,0.03112,3.125,31.0,61.0
2022-01-18 12:23:02,2022-01-18 12:23:02,730.31744,6.79088,0.03448,3.75977,31.0,60.0
2022-01-18 12:28:16,2022-01-18 12:28:16,718.71362,6.84745,0.02188,2.97852,32.0,61.0
2022-01-18 12:33:31,2022-01-18 12:33:31,971.86823,6.983398333333334,0.03531,3.27148,32.0,61.0
2022-01-18 12:38:46,2022-01-18 12:38:46,700.39862,6.79088,0.031118333333333335,3.90625,32.0,60.0
2022-01-18 12:44:00,2022-01-18 12:44:00,704.51355,6.79088,0.04119,3.27148,32.0,59.0
2022-01-18 12:49:14,2022-01-18 12:49:14,727.19263,6.90433,0.03028,3.125,32.0,59.0
2022-01-18 12:54:29,2022-01-18 12:54:29,727.19263,6.90433,0.03196,3.02734,32.0,59.0
2022-01-18 12:59:44,2022-01-18 12:59:44,727.19263,6.90433,0.03531,3.17383,32.0,59.0
2022-01-18 13:04:59,2022-01-18 13:04:59,731.45581,6.84745,0.02356,3.27148,32.0,58.0
2022-01-18 13:10:15,2022-01-18 13:10:15,731.45581,6.84745,0.03951,3.75977,32.0,58.0
2022-01-18 13:15:29,2022-01-18 13:15:29,731.45581,6.84745,0.03783,3.22266,32.0,58.0
2022-01-18 13:20:44,2022-01-18 13:20:44,712.78973,6.79088,0.04119,3.4668,32.0,57.0
