created_at,field1,field2,field3,field4,field5,field6
2021-12-24T00:05:21+07:00,350.50281,6.85956,0.03028,1.41602,29,76
2021-12-24T00:10:38+07:00,350.50281,7.02184,0.02608,1.41602,29,76
2021-12-24T00:15:54+07:00,350.50281,6.77918,0.0202,1.41602,29,76
2021-12-24T00:21:09+07:00,350.50281,6.6993,0.0286,1.41602,29,76
2021-12-24T00:26:28+07:00,350.50281,6.77918,0.02188,1.41602,29,76
2021-12-24T00:31:43+07:00,422.46378,7.77753,0.0202,1.41602,29,76
2021-12-24T00:36:58+07:00,337.21149,6.77918,0.02104,1.41602,29,76
2021-12-24T00:42:13+07:00,350.50281,6.85956,0.03112,1.41602,29,76
2021-12-24T00:47:27+07:00,339.23907,6.6993,0.0286,1.41602,29,75
2021-12-24T00:52:43+07:00,337.21149,6.61993,0.01936,1.41602,29,76
2021-12-24T00:57:58+07:00,326.22336,6.61993,0.03028,1.41602,29,75
2021-12-24T01:03:14+07:00,326.22336,6.61993,0.01432,1.41602,29,75
2021-12-24T01:08:29+07:00,339.23907,6.61993,0.00928,1.41602,29,75
2021-12-24T01:13:43+07:00,339.23907,6.61993,0.00592,1.75781,29,75
2021-12-24T01:18:58+07:00,326.22336,6.54105,0.01684,1.41602,29,75
2021-12-24T01:24:11+07:00,326.22336,6.54105,0.04119,1.41602,29,75
2021-12-24T01:29:27+07:00,326.22336,6.54105,0.0202,1.41602,29,75
2021-12-24T01:34:42+07:00,326.22336,6.46268,0.02272,1.41602,29,75
2021-12-24T01:39:57+07:00,425.00409,6.46268,0.0202,1.41602,29,75
2021-12-24T01:45:15+07:00,326.22336,6.46268,0.02188,1.41602,29,75
2021-12-24T01:50:29+07:00,313.55768,6.46268,0.00508,1.75781,29,75
2021-12-24T01:55:45+07:00,313.55768,6.38481,0.02188,1.41602,29,75
2021-12-24T02:11:22+07:00,313.55768,6.30743,0.01432,1.41602,29,75
2021-12-24T02:16:42+07:00,313.55768,6.38481,0.0118,1.41602,29,75
2021-12-24T02:21:59+07:00,313.55768,6.38481,0.016,1.41602,29,75
2021-12-24T02:27:20+07:00,313.55768,6.38481,0.02356,1.41602,29,75
2021-12-24T02:32:35+07:00,313.55768,6.30743,0,1.41602,29,75
2021-12-24T02:37:50+07:00,313.55768,6.30743,0.01432,1.41602,29,75
2021-12-24T02:43:07+07:00,313.55768,6.30743,0.01516,1.41602,29,75
2021-12-24T02:48:23+07:00,313.55768,6.30743,0,1.41602,29,75
2021-12-24T02:53:40+07:00,313.55768,6.30743,0.0244,1.41602,29,75
2021-12-24T02:58:55+07:00,313.55768,6.38481,0.0286,1.41602,29,75
2021-12-24T03:04:09+07:00,313.55768,6.30743,0.0034,1.75781,29,75
2021-12-24T03:09:26+07:00,313.55768,6.38481,0.00844,1.41602,29,75
2021-12-24T03:14:40+07:00,313.55768,6.30743,0.01936,1.41602,29,75
2021-12-24T03:19:57+07:00,303.04376,6.30743,0.01936,1.41602,29,74
2021-12-24T03:25:11+07:00,301.23639,6.30743,0.00424,1.46484,29,75
2021-12-24T03:30:25+07:00,313.55768,6.30743,0.0202,1.41602,29,75
2021-12-24T03:35:40+07:00,301.23639,6.30743,0.0034,1.41602,29,75
2021-12-24T03:40:55+07:00,301.23639,6.30743,0.0202,1.41602,29,75
2021-12-24T03:46:10+07:00,301.23639,6.30743,0.01264,1.41602,29,75
2021-12-24T03:51:24+07:00,301.23639,6.38481,0.02524,1.41602,29,75
2021-12-24T03:56:39+07:00,301.23639,6.38481,0,1.41602,29,75
2021-12-24T04:01:53+07:00,394.91568,7.26909,0.02944,1.41602,29,75
2021-12-24T04:07:07+07:00,301.23639,6.30743,0.02188,1.41602,29,75
2021-12-24T04:12:21+07:00,382.72556,7.35253,0.0244,1.75781,29,74
2021-12-24T04:17:35+07:00,301.23639,6.46268,0.02524,1.41602,29,75
2021-12-24T04:22:50+07:00,301.23639,6.46268,0.016,1.41602,29,75
2021-12-24T04:28:04+07:00,303.04376,6.46268,0.00256,1.41602,29,74
2021-12-24T04:33:19+07:00,303.04376,6.46268,0.02944,1.41602,29,74
2021-12-24T04:38:33+07:00,303.04376,6.46268,0.02272,1.41602,29,74
2021-12-24T04:43:48+07:00,303.04376,7.10374,0.03028,1.41602,29,74
2021-12-24T04:54:10+07:00,303.04376,6.54105,0.01264,1.41602,29,74
2021-12-24T04:59:30+07:00,394.91568,7.43649,0.02524,1.41602,29,75
2021-12-24T05:04:45+07:00,315.43896,6.54105,0.02356,1.41602,29,74
2021-12-24T05:10:02+07:00,394.91568,7.52097,0.00424,1.75781,29,75
2021-12-24T05:15:16+07:00,301.23639,6.54105,0.00928,1.41602,29,75
2021-12-24T05:20:29+07:00,313.55768,6.54105,0.0202,1.41602,29,75
2021-12-24T05:25:43+07:00,315.43896,6.54105,0.01096,1.41602,29,74
2021-12-24T05:30:59+07:00,315.43896,6.61993,0.01852,1.41602,29,74
2021-12-24T05:36:16+07:00,313.55768,6.61993,0.01936,1.41602,29,75
2021-12-24T05:41:30+07:00,315.43896,6.54105,0.02608,1.41602,29,74
2021-12-24T05:46:45+07:00,313.55768,6.61993,0.03364,1.41602,29,75
2021-12-24T05:51:59+07:00,301.23639,6.46268,0.03028,1.41602,29,75
2021-12-24T05:57:13+07:00,380.44287,7.60597,0.01684,1.41602,29,75
2021-12-24T06:02:27+07:00,394.91568,7.60597,0.01684,1.75781,29,75
2021-12-24T06:07:41+07:00,313.55768,6.6993,0.0076,1.41602,29,75
2021-12-24T06:12:54+07:00,313.55768,6.61993,0.03364,1.41602,29,75
2021-12-24T06:18:08+07:00,313.55768,6.61993,0.01936,1.46484,29,75
2021-12-24T06:23:23+07:00,313.55768,6.61993,0.0244,1.41602,29,75
2021-12-24T06:28:38+07:00,313.55768,6.54105,0.02272,1.41602,29,75
2021-12-24T06:33:51+07:00,313.55768,7.18616,0.00424,1.41602,29,75
2021-12-24T06:39:07+07:00,313.55768,6.54105,0.0076,1.41602,29,75
2021-12-24T06:44:22+07:00,313.55768,6.46268,0.02944,1.41602,29,75
2021-12-24T06:49:36+07:00,313.55768,6.61993,0.01264,1.46484,29,75
2021-12-24T07:00:10+07:00,409.76749,7.52097,0.01264,1.75781,29,75
2021-12-24T07:05:24+07:00,380.44287,7.69149,0.00172,1.41602,29,75
2021-12-24T07:10:39+07:00,326.22336,6.77918,0.01852,1.75781,29,75
2021-12-24T07:15:55+07:00,326.22336,6.94045,0.00508,1.41602,29,75
2021-12-24T07:26:34+07:00,425.00409,8.03882,0.02104,1.46484,29,75
2021-12-24T07:31:49+07:00,352.61032,7.35253,0.02188,1.46484,29,75
2021-12-24T07:42:13+07:00,409.76749,7.9512,0.01768,1.51367,29,75
2021-12-24T07:52:40+07:00,352.04749,7.77753,0.02272,2.58789,28,77
2021-12-24T07:57:58+07:00,336.672,7.77753,0.01348,2.88086,28,78
2021-12-24T08:08:31+07:00,437.29706,8.85155,0.01516,3.85742,28,78
2021-12-24T08:13:47+07:00,332.6442,7.77753,0.0034,3.90625,28,80
2021-12-24T08:19:04+07:00,319.8815,7.60597,0.02356,4.3457,28,80
2021-12-24T08:24:19+07:00,321.81448,7.52097,0,4.3457,28,79
2021-12-24T08:29:36+07:00,321.81448,7.52097,0.03448,4.29688,28,79
2021-12-24T08:34:53+07:00,384.90756,8.39464,0.01684,4.58984,28,81
2021-12-24T08:40:08+07:00,401.80164,8.21567,0.0034,4.58984,28,80
2021-12-24T08:45:26+07:00,401.80164,8.39464,0.0076,4.58984,28,80
2021-12-24T08:50:43+07:00,321.81448,7.26909,0.01684,4.29688,28,79
2021-12-24T08:56:02+07:00,323.75482,7.52097,0.03448,4.29688,28,78
2021-12-24T09:06:39+07:00,421.78806,8.21567,0.00928,4.6875,28,78
2021-12-24T09:11:55+07:00,340.7309,7.9512,0.02188,4.44336,28,76
2021-12-24T09:17:12+07:00,325.70276,7.26909,0.04371,4.63867,28,77
2021-12-24T09:33:00+07:00,315.43896,6.94045,0.016,4.88281,29,74
2021-12-24T09:38:19+07:00,412.22601,8.03882,0.01768,4.88281,29,74
2021-12-24T09:43:34+07:00,317.32761,7.8641,0.0202,5.37109,29,73
2021-12-24T09:53:58+07:00,319.22324,6.94045,0.01432,5.37109,29,72
2021-12-24T09:59:12+07:00,406.85364,7.77753,0.02608,5.27344,29,70
2021-12-24T10:04:30+07:00,321.12613,6.77918,0.03196,5.61523,29,71
2021-12-24T10:09:46+07:00,330.67068,7.18616,0.03028,5.22461,30,71
2021-12-24T10:15:01+07:00,328.70392,7.18616,0.02356,5.61523,30,72
2021-12-24T10:20:18+07:00,330.67068,7.10374,0.01768,5.51758,30,71
2021-12-24T10:25:33+07:00,332.6449,7.10374,0.02272,4.39453,30,70
2021-12-24T10:30:50+07:00,334.6268,7.10374,0.03448,5.12695,30,69
2021-12-24T10:36:06+07:00,334.6268,7.02184,0.02776,5.0293,30,69
2021-12-24T10:41:20+07:00,321.63483,6.85956,0.02944,5.66406,30,69
2021-12-24T10:46:36+07:00,325.46622,6.85956,0.03615,4.63867,30,67
2021-12-24T11:02:19+07:00,327.39276,6.94045,0.03448,4.44336,30,66
2021-12-24T11:07:34+07:00,336.61606,7.26909,0.05127,4.29688,30,68
2021-12-24T11:23:07+07:00,402.68942,8.03882,0.02776,5.76172,30,70
2021-12-24T11:28:23+07:00,319.72995,7.10374,0.01768,4.93164,30,70
2021-12-24T11:33:43+07:00,420.32291,8.12698,0.03028,4.54102,30,69
2021-12-24T11:38:59+07:00,334.6268,7.18616,0.03783,5.85938,30,69
2021-12-24T11:49:23+07:00,322.14389,7.18616,0.02272,3.80859,31,67
2021-12-24T11:54:40+07:00,420.32291,7.02184,0.05043,2.97852,30,69
2021-12-24T12:10:25+07:00,321.63483,6.85956,0.02776,2.97852,30,69
2021-12-24T12:20:49+07:00,321.63483,6.77918,0.0118,5.17578,30,69
2021-12-24T12:26:06+07:00,323.54688,6.6993,0.02272,5.0293,30,68
2021-12-24T12:31:22+07:00,322.14389,6.6993,0.02188,5.56641,31,67
2021-12-24T12:36:38+07:00,322.14389,7.26909,0.03112,5.37109,31,67
2021-12-24T12:41:55+07:00,324.05798,7.02184,0.03448,5.95703,31,66
2021-12-24T12:57:40+07:00,324.05798,6.85956,0.02356,10.10742,31,66
2021-12-24T13:08:04+07:00,324.56958,6.46268,0.0328,9.08203,32,64
2021-12-24T13:13:26+07:00,326.4928,6.38481,0.0118,8.44727,32,63
2021-12-24T13:18:41+07:00,328.42328,6.46268,0.03196,8.30078,32,62
2021-12-24T13:29:09+07:00,330.36108,6.54105,0.03364,4.88281,32,61
2021-12-24T13:34:23+07:00,330.36108,6.6993,0.0286,3.56445,32,61
2021-12-24T13:39:38+07:00,330.36108,6.54105,0.02104,3.17383,32,61
2021-12-24T13:44:52+07:00,420.33099,7.52097,0.02188,3.36914,31,61
2021-12-24T13:50:07+07:00,333.73703,6.46268,0.03867,2.73438,31,61
2021-12-24T13:55:26+07:00,333.73703,6.61993,0.01012,2.7832,31,61
2021-12-24T14:00:41+07:00,333.73703,6.54105,0.03951,2.88086,31,61
2021-12-24T14:05:55+07:00,320.6228,6.77918,0.02104,3.07617,31,61
2021-12-24T14:11:11+07:00,402.56033,7.8641,0.0034,2.97852,31,62
2021-12-24T14:16:26+07:00,318.74908,7.18616,0.02776,2.44141,31,62
2021-12-24T14:21:42+07:00,384.76651,8.12698,0.01936,2.68555,30,65
2021-12-24T14:32:06+07:00,314.52783,7.18616,0.01516,2.29492,30,66
2021-12-24T14:37:20+07:00,314.52783,7.26909,0.02608,2.34375,30,66
2021-12-24T14:42:36+07:00,314.52783,7.35253,0.02104,2.24609,30,66
2021-12-24T14:47:51+07:00,312.67694,7.35253,0.03196,2.63672,30,67
2021-12-24T14:53:07+07:00,394.89157,8.21567,0.01432,2.68555,30,67
2021-12-24T14:58:24+07:00,310.83304,7.35253,0.02104,2.39258,30,68
2021-12-24T15:03:40+07:00,310.83304,7.26909,0.01936,2.05078,30,68
2021-12-24T15:08:57+07:00,312.67694,7.60597,0.02524,1.9043,30,67
2021-12-24T15:14:12+07:00,308.99606,7.26909,0.02524,1.75781,30,69
2021-12-24T15:24:51+07:00,323.03632,7.35253,0.02776,1.5625,29,70
2021-12-24T15:30:08+07:00,321.12613,7.10374,0.00844,1.46484,29,71
2021-12-24T15:35:25+07:00,308.50739,7.10374,0.01684,1.46484,29,71
2021-12-24T15:40:41+07:00,301.23639,7.02184,0.01096,1.46484,29,75
2021-12-24T15:45:58+07:00,301.23639,7.10374,0.03531,1.46484,29,75
2021-12-24T15:51:13+07:00,399.6637,7.8641,0.02356,1.75781,29,73
2021-12-24T15:56:27+07:00,306.67929,6.85956,0.01012,1.46484,29,72
2021-12-24T16:01:41+07:00,304.85812,6.77918,0.01348,1.46484,29,73
2021-12-24T16:06:56+07:00,292.73135,6.77918,0.01348,1.46484,29,73
2021-12-24T16:12:14+07:00,292.73135,6.77918,0.01852,1.46484,29,73
2021-12-24T16:17:29+07:00,292.73135,6.6993,0.00256,1.41602,29,73
2021-12-24T16:22:44+07:00,294.48016,7.43649,0.0118,1.46484,29,72
2021-12-24T16:28:03+07:00,292.73135,6.85956,0.00844,1.46484,29,73
2021-12-24T16:33:24+07:00,306.19302,6.85956,0.0076,1.46484,28,74
2021-12-24T16:38:43+07:00,370.1582,7.60597,0.02272,1.75781,28,75
2021-12-24T16:44:01+07:00,292.26617,6.94045,0.0076,1.41602,28,75
2021-12-24T16:49:17+07:00,304.37357,7.02184,0.00508,1.41602,28,75
2021-12-24T16:59:45+07:00,396.65247,8.21567,0.0118,1.80664,28,76
2021-12-24T17:10:21+07:00,397.28519,7.9512,0.0244,1.75781,29,74
2021-12-24T17:26:04+07:00,317.32761,7.02184,0.00508,1.46484,29,73
2021-12-24T17:31:23+07:00,304.85812,7.02184,0.01768,1.46484,29,73
2021-12-24T17:36:40+07:00,304.85812,7.02184,0.01852,1.46484,29,73
2021-12-24T17:41:56+07:00,317.32761,7.02184,0.01936,1.46484,29,73
2021-12-24T17:47:15+07:00,317.32761,7.18616,0,1.46484,29,73
2021-12-24T17:52:31+07:00,319.22324,7.26909,0.02104,1.75781,29,72
2021-12-24T17:57:50+07:00,319.22324,7.18616,0.00844,1.46484,29,72
2021-12-24T18:13:41+07:00,417.17148,8.21567,0.0202,1.80664,29,72
2021-12-24T18:19:02+07:00,319.22324,7.18616,0.01264,1.46484,29,72
2021-12-24T18:24:19+07:00,332.11783,7.60597,0.0076,1.46484,29,72
2021-12-24T18:29:34+07:00,332.11783,7.35253,0.0076,1.46484,29,72
2021-12-24T18:34:49+07:00,404.44794,8.21567,0.00424,1.80664,29,71
2021-12-24T18:40:07+07:00,406.21133,8.48494,0.02692,1.51367,28,72
2021-12-24T18:45:22+07:00,318.71695,7.35253,0.01768,1.46484,28,74
2021-12-24T18:50:38+07:00,322.01663,7.52097,0.0244,1.80664,27,74
2021-12-24T18:55:53+07:00,318.21127,7.69149,0.00172,1.46484,27,76
2021-12-24T19:01:08+07:00,331.06494,7.69149,0.02776,1.46484,27,76
2021-12-24T19:06:24+07:00,327.65793,7.69149,0.01768,1.46484,28,76
2021-12-24T19:11:39+07:00,344.82095,8.66716,0.02356,1.46484,28,74
2021-12-24T19:16:54+07:00,355.71591,10.20457,0.00844,1.41602,27,77
2021-12-24T19:22:11+07:00,331.57532,9.13225,0.01768,1.46484,26,84
2021-12-24T19:27:28+07:00,415.40274,10.20457,0.02944,1.75781,26,84
2021-12-24T19:37:53+07:00,331.57532,9.13225,0.02104,1.46484,26,84
2021-12-24T19:43:08+07:00,433.28253,10.10424,0.01684,1.75781,26,83
2021-12-24T19:48:22+07:00,337.61636,8.75908,0.00508,1.46484,26,81
2021-12-24T19:53:36+07:00,323.23666,8.75908,0.01348,1.41602,27,80
2021-12-24T19:58:52+07:00,326.6142,8.57578,0.03615,1.41602,26,80
2021-12-24T20:04:07+07:00,441.15906,10.20457,0.02188,1.75781,26,80
2021-12-24T20:09:27+07:00,324.66296,8.39464,0.02524,1.46484,26,81
2021-12-24T20:14:41+07:00,312.55728,8.03882,0.01684,1.46484,27,79
2021-12-24T20:19:56+07:00,290.06277,7.35253,0.01348,1.46484,27,78
2021-12-24T20:25:10+07:00,320.11035,8.12698,0.02272,1.80664,27,75
2021-12-24T20:30:24+07:00,342.22696,8.66716,0.02188,1.46484,27,77
2021-12-24T20:35:38+07:00,369.56958,9.51428,0.01096,1.46484,27,77
2021-12-24T20:40:52+07:00,353.59659,9.51428,0.02692,1.46484,27,78
2021-12-24T20:46:10+07:00,351.48526,9.32215,0.01432,1.46484,27,79
2021-12-24T20:51:25+07:00,423.64807,9.61119,0.0202,1.75781,27,79
2021-12-24T20:56:40+07:00,367.36777,9.61119,0.01348,1.46484,27,78
2021-12-24T21:01:54+07:00,379.22906,9.8067,0.01684,1.46484,27,79
2021-12-24T21:07:10+07:00,457.93265,10.50902,0.01516,1.75781,27,78
2021-12-24T21:12:26+07:00,381.50693,9.90531,0.02272,1.46484,27,78
2021-12-24T21:17:41+07:00,408.46014,10.50902,0.00844,1.46484,27,79
2021-12-24T21:22:57+07:00,393.6557,10.30547,0.01768,1.46484,27,79
2021-12-24T21:28:18+07:00,389.57849,10.20457,0.01768,1.46484,28,79
2021-12-24T21:33:33+07:00,409.11346,10.61167,0.02272,1.46484,28,77
2021-12-24T21:38:47+07:00,409.11346,10.71491,0.03783,1.46484,28,77
2021-12-24T21:44:01+07:00,409.11346,10.81873,0.00928,1.46484,28,77
2021-12-24T21:49:16+07:00,503.3317,12.00033,0.0202,1.75781,28,78
2021-12-24T21:54:32+07:00,409.11346,10.71491,0.01264,1.46484,28,77
2021-12-24T21:59:46+07:00,409.11346,10.71491,0.01852,1.46484,28,77
2021-12-24T22:05:00+07:00,409.11346,10.81873,0.0244,1.46484,28,77
2021-12-24T22:10:14+07:00,524.00409,12.11141,0.01264,1.75781,28,77
2021-12-24T22:15:33+07:00,409.11346,10.81873,0.02524,1.46484,28,77
2021-12-24T22:20:47+07:00,527.14984,10.81873,0.02188,1.46484,28,76
2021-12-24T22:26:02+07:00,411.56958,10.81873,0.00592,1.46484,28,76
2021-12-24T22:31:19+07:00,411.56958,10.71491,0.01852,1.46484,28,76
2021-12-24T22:36:36+07:00,411.56958,10.81873,0.016,1.46484,28,76
2021-12-24T22:41:53+07:00,411.56958,10.81873,0.01432,1.46484,28,76
2021-12-24T22:47:07+07:00,411.56958,10.71491,0.02524,1.46484,28,76
2021-12-24T22:52:23+07:00,392.55527,10.61167,0.0244,1.46484,29,76
2021-12-24T22:57:39+07:00,509.39966,10.50902,0.01096,1.46484,28,76
2021-12-24T23:02:55+07:00,486.99017,11.56219,0.01768,1.46484,29,76
2021-12-24T23:13:24+07:00,364.15332,10.00449,0.01936,1.46484,29,76
2021-12-24T23:18:38+07:00,370.1582,10.10424,0.02104,1.46484,28,75
2021-12-24T23:23:52+07:00,367.95407,9.90531,0.02356,1.46484,28,76
2021-12-24T23:29:08+07:00,354.16104,9.70866,0.01012,1.75781,28,76
2021-12-24T23:34:22+07:00,458.66367,11.02816,0.02272,1.75781,28,76
2021-12-24T23:39:36+07:00,340.7309,9.51428,0.01432,1.75781,28,76
2021-12-24T23:44:53+07:00,354.16104,9.90531,0.00844,1.46484,28,76
2021-12-24T23:50:10+07:00,458.66367,10.81873,0.01348,1.80664,28,76
2021-12-24T23:55:25+07:00,354.16104,9.61119,0.01432,1.46484,28,76
2021-12-25T00:00:40+07:00,354.16104,9.61119,0.01852,1.46484,28,76
2021-12-25T00:05:55+07:00,340.7309,9.41793,0.02776,1.75781,28,76
2021-12-25T00:11:09+07:00,340.7309,9.41793,0.00508,1.80664,28,76
2021-12-25T00:16:23+07:00,340.7309,9.41793,0.03112,1.46484,28,76
2021-12-25T00:21:38+07:00,407.31839,10.50902,0.01684,1.46484,29,76
2021-12-25T00:26:52+07:00,340.7309,9.32215,0.01348,1.46484,28,76
2021-12-25T00:32:06+07:00,396.65247,10.50902,0.01432,1.46484,28,76
2021-12-25T00:37:21+07:00,426.87305,10.50902,0.01684,1.80664,28,76
2021-12-25T00:42:36+07:00,340.7309,9.32215,0.01012,1.46484,28,76
2021-12-25T00:47:55+07:00,327.65793,9.32215,0.02188,1.46484,28,76
2021-12-25T00:53:09+07:00,340.7309,9.32215,0.0202,1.46484,28,76
2021-12-25T00:58:24+07:00,426.87305,10.40696,0.01768,1.80664,28,76
2021-12-25T01:03:43+07:00,327.65793,9.22692,0.01936,1.46484,28,76
2021-12-25T01:08:57+07:00,340.7309,9.03813,0.00424,1.46484,28,76
2021-12-25T01:14:12+07:00,338.69757,9.03813,0.01936,1.46484,28,77
2021-12-25T01:19:28+07:00,340.7309,9.03813,0.00004,1.46484,28,76
2021-12-25T01:24:42+07:00,340.7309,9.03813,0.0286,1.46484,28,76
2021-12-25T01:29:56+07:00,340.7309,8.94456,0.01936,1.46484,28,76
2021-12-25T01:35:10+07:00,426.87305,10.00449,0.00424,1.75781,28,76
2021-12-25T01:40:24+07:00,327.65793,8.85155,0.01852,1.46484,28,76
2021-12-25T01:45:39+07:00,327.65793,8.75908,0.01264,1.46484,28,76
2021-12-25T01:50:54+07:00,327.65793,8.75908,0.016,1.46484,28,76
2021-12-25T01:56:09+07:00,327.65793,8.66716,0.01852,1.46484,28,76
2021-12-25T02:01:23+07:00,327.65793,8.75908,0.00928,1.70898,28,76
2021-12-25T02:06:37+07:00,327.65793,8.66716,0.02356,1.46484,28,76
2021-12-25T02:11:51+07:00,411.56958,9.61119,0.0202,1.80664,28,76
2021-12-25T02:17:05+07:00,314.93665,8.48494,0.01264,1.46484,28,76
2021-12-25T02:22:19+07:00,314.93665,8.57578,0.01684,1.46484,28,76
2021-12-25T02:27:33+07:00,314.93665,8.48494,0.01684,1.46484,28,76
2021-12-25T02:32:47+07:00,314.93665,8.48494,0.02272,1.46484,28,76
2021-12-25T02:38:02+07:00,314.93665,8.48494,0.0202,1.46484,28,76
2021-12-25T02:43:17+07:00,314.93665,8.39464,0.01348,1.46484,28,76
2021-12-25T02:53:40+07:00,314.93665,8.39464,0.01852,1.46484,28,76
2021-12-25T02:58:55+07:00,314.93665,8.39464,0.02776,1.46484,28,76
2021-12-25T03:04:09+07:00,302.56113,8.12698,0.02524,1.46484,28,76
2021-12-25T03:09:23+07:00,304.37357,8.03882,0.016,1.46484,28,75
2021-12-25T03:14:36+07:00,290.52573,8.03882,0.016,1.46484,28,76
2021-12-25T03:19:50+07:00,290.52573,8.03882,0.04707,1.46484,28,76
2021-12-25T03:25:03+07:00,302.56113,8.21567,0.01768,1.46484,28,76
2021-12-25T03:30:17+07:00,302.56113,8.30488,0.01432,1.46484,28,76
2021-12-25T03:35:32+07:00,302.56113,8.39464,0.01012,1.46484,28,76
2021-12-25T03:40:46+07:00,300.75558,8.21567,0.01348,1.46484,28,77
2021-12-25T03:46:00+07:00,290.52573,8.21567,0.01348,1.46484,28,76
2021-12-25T03:51:15+07:00,290.52573,8.12698,0,1.46484,28,76
2021-12-25T03:56:28+07:00,290.52573,8.21567,0.00928,1.46484,28,76
2021-12-25T04:01:44+07:00,379.83572,8.21567,0.0118,1.46484,28,77
2021-12-25T04:06:59+07:00,300.75558,8.30488,0.01936,1.46484,28,77
2021-12-25T04:12:13+07:00,300.75558,8.39464,0.01096,1.46484,28,77
2021-12-25T04:17:27+07:00,302.56113,8.30488,0.0328,1.46484,28,76
2021-12-25T04:22:41+07:00,302.56113,8.30488,0.02608,1.46484,28,76
2021-12-25T04:27:55+07:00,302.56113,8.39464,0.00676,1.46484,28,76
2021-12-25T04:33:08+07:00,302.56113,8.30488,0.00508,1.46484,28,76
2021-12-25T04:38:22+07:00,396.65247,9.70866,0.03112,1.46484,28,76
2021-12-25T04:43:37+07:00,314.93665,8.66716,0.03783,1.46484,28,76
2021-12-25T04:48:50+07:00,314.93665,8.66716,0.01348,1.46484,28,76
2021-12-25T04:54:06+07:00,302.56113,8.39464,0.02524,1.46484,28,76
2021-12-25T04:59:20+07:00,302.56113,8.39464,0.02272,1.46484,28,76
2021-12-25T05:04:34+07:00,302.56113,8.39464,0.01516,1.46484,28,76
2021-12-25T05:09:53+07:00,302.56113,8.30488,0.00844,1.75781,28,76
2021-12-25T05:15:09+07:00,302.56113,8.48494,0.02272,1.46484,28,76
2021-12-25T05:20:24+07:00,302.56113,8.48494,0.01852,1.46484,28,76
2021-12-25T05:25:39+07:00,302.56113,8.48494,0.01432,1.46484,28,76
2021-12-25T05:30:53+07:00,313.05728,8.48494,0.01348,1.46484,28,77
2021-12-25T05:36:07+07:00,314.93665,8.39464,0.01768,1.46484,28,76
2021-12-25T05:41:22+07:00,396.65247,9.41793,0.0202,1.46484,28,76
2021-12-25T05:46:36+07:00,302.56113,8.21567,0.02188,1.46484,28,76
2021-12-25T05:51:50+07:00,302.56113,8.21567,0.0244,1.75781,28,76
2021-12-25T05:57:04+07:00,302.56113,8.21567,0.01936,1.46484,28,76
2021-12-25T06:02:20+07:00,302.56113,8.12698,0.01432,1.80664,28,76
2021-12-25T06:07:37+07:00,302.56113,8.12698,0.0244,1.70898,28,76
2021-12-25T06:12:54+07:00,302.56113,8.12698,0.0328,1.46484,28,76
2021-12-25T06:18:07+07:00,302.56113,8.12698,0.03699,1.46484,28,76
2021-12-25T06:23:21+07:00,314.93665,8.30488,0.01096,1.46484,28,76
2021-12-25T06:28:35+07:00,314.93665,8.39464,0.01516,1.46484,28,76
2021-12-25T06:33:50+07:00,411.56958,9.70866,0.02356,2.00195,28,76
2021-12-25T06:39:04+07:00,327.65793,8.85155,0.03112,1.70898,28,76
2021-12-25T06:44:18+07:00,325.70276,8.94456,0.01936,1.75781,28,77
2021-12-25T06:49:33+07:00,325.70276,8.75908,0.0328,1.85547,28,77
2021-12-25T06:54:51+07:00,336.672,9.22692,0.03028,1.95313,28,78
2021-12-25T07:00:06+07:00,336.672,9.22692,0.03699,2.05078,28,78
2021-12-25T07:05:21+07:00,349.94211,9.61119,0.0328,2.09961,28,78
2021-12-25T07:10:34+07:00,363.57089,9.70866,0.04287,2.24609,28,78
2021-12-25T07:15:49+07:00,361.39185,9.8067,0.03783,2.49023,28,79
2021-12-25T07:21:05+07:00,363.57089,10.00449,0.0286,2.68555,28,78
2021-12-25T07:26:19+07:00,361.39185,9.8067,0.03699,2.83203,28,79
2021-12-25T07:31:35+07:00,361.39185,9.90531,0.03112,2.97852,28,79
2021-12-25T07:36:50+07:00,361.39185,10.10424,0.02104,3.07617,28,79
2021-12-25T07:42:04+07:00,345.75549,9.8067,0.016,3.22266,28,80
2021-12-25T07:47:18+07:00,345.75549,9.61119,0.03951,3.66211,28,80
2021-12-25T07:52:35+07:00,432.06522,10.71491,0.01936,3.61328,28,80
2021-12-25T07:57:51+07:00,389.57849,10.50902,0.03448,3.32031,28,79
2021-12-25T08:03:06+07:00,334.65427,9.41793,0.02608,3.4668,28,79
2021-12-25T08:08:20+07:00,321.81448,9.32215,0.02104,3.4668,28,79
2021-12-25T08:13:36+07:00,321.81448,8.94456,0.0244,3.56445,28,79
2021-12-25T08:18:50+07:00,311.185,9.13225,0.03783,3.75977,28,78
2021-12-25T08:24:05+07:00,323.75482,9.22692,0.13778,3.90625,28,78
2021-12-25T08:29:20+07:00,313.05728,8.75908,0.01768,3.80859,28,77
2021-12-25T08:34:34+07:00,313.05728,8.94456,0.02104,3.85742,28,77
2021-12-25T08:39:52+07:00,314.93665,9.03813,0.03448,4.49219,28,76
2021-12-25T08:45:07+07:00,313.05728,8.85155,0.03196,4.24805,28,77
2021-12-25T08:50:23+07:00,396.65247,9.8067,0.0328,4.6875,28,76
2021-12-25T08:55:43+07:00,302.56113,8.48494,0.0328,4.49219,28,76
2021-12-25T09:00:57+07:00,304.37357,8.48494,0.02944,4.63867,28,75
2021-12-25T09:06:12+07:00,302.56113,8.30488,0.03028,4.73633,28,76
2021-12-25T09:11:29+07:00,292.26617,8.03882,0.0202,4.88281,28,75
2021-12-25T09:16:50+07:00,292.26617,8.12698,0.01768,4.98047,28,75
2021-12-25T09:22:04+07:00,290.52573,7.9512,0.00592,5.07813,28,76
2021-12-25T09:27:20+07:00,277.60446,7.77753,0.01012,5.46875,29,75
2021-12-25T09:32:37+07:00,279.27005,7.77753,0.03615,5.27344,29,74
2021-12-25T09:37:53+07:00,279.27005,7.77753,0.02524,5.37109,29,74
2021-12-25T09:43:10+07:00,279.27005,7.60597,0.02104,5.51758,29,74
2021-12-25T09:48:24+07:00,343.31769,8.57578,0.016,5.61523,29,73
2021-12-25T09:53:40+07:00,269.48419,7.43649,0.01852,5.71289,29,73
2021-12-25T09:58:54+07:00,269.48419,7.43649,0.02104,5.9082,29,73
2021-12-25T10:04:11+07:00,271.09409,7.60597,0.02524,5.9082,29,72
2021-12-25T10:19:43+07:00,269.48419,7.52097,0.02524,6.39648,29,73
2021-12-25T10:24:57+07:00,271.09409,7.43649,0.02944,6.20117,29,72
2021-12-25T10:30:12+07:00,268.30753,7.35253,0.02104,6.49414,30,72
2021-12-25T10:35:27+07:00,269.91284,7.35253,0.01768,6.00586,30,71
2021-12-25T10:40:41+07:00,359.5513,8.48494,0.04119,6.15234,30,70
2021-12-25T10:45:58+07:00,713.50775,8.57578,0.03531,5.46875,30,71
2021-12-25T10:51:12+07:00,355.29153,8.57578,0.03196,5.71289,30,72
2021-12-25T10:56:26+07:00,279.71527,7.60597,0.03448,5.37109,30,72
2021-12-25T11:01:40+07:00,268.30753,7.52097,0.03112,5.17578,30,72
2021-12-25T11:06:58+07:00,268.30753,7.35253,0.03364,6.05469,30,72
2021-12-25T11:22:33+07:00,284.75537,7.52097,0.02188,7.91016,30,69
2021-12-25T11:27:51+07:00,284.75537,7.77753,0.02188,6.83594,30,69
2021-12-25T11:33:11+07:00,284.75537,7.52097,0.01516,6.73828,30,69
2021-12-25T11:38:29+07:00,284.75537,7.35253,0.04875,6.88477,30,69
2021-12-25T11:43:47+07:00,281.8363,7.43649,0.03531,6.93359,31,69
2021-12-25T11:49:07+07:00,281.8363,7.52097,0.02524,8.25195,31,69
2021-12-25T11:54:28+07:00,283.51794,7.43649,0.0202,7.66602,31,68
2021-12-25T11:59:47+07:00,285.20609,7.43649,0.03531,8.20313,31,67
2021-12-25T12:05:08+07:00,288.60162,7.43649,0.0244,9.08203,31,65
2021-12-25T12:10:30+07:00,288.60162,7.43649,0.03783,8.83789,31,65
2021-12-25T12:15:46+07:00,292.02289,7.26909,0.04623,8.88672,31,63
2021-12-25T12:21:03+07:00,292.02289,7.35253,0.02524,8.59375,31,63
2021-12-25T12:26:17+07:00,289.0564,7.35253,0.03028,7.91016,32,63
2021-12-25T12:31:33+07:00,387.64066,8.39464,0.03867,7.91016,31,62
2021-12-25T12:36:50+07:00,292.02289,7.35253,0.01852,6.83594,31,63
2021-12-25T12:42:06+07:00,292.02289,7.43649,0.02944,6.34766,31,63
2021-12-25T12:47:23+07:00,385.37057,8.48494,0.03615,8.74023,31,63
2021-12-25T12:52:44+07:00,292.02289,7.52097,0.03196,8.74023,31,63
2021-12-25T12:58:04+07:00,301.18625,7.43649,0.02944,8.93555,32,63
2021-12-25T13:03:21+07:00,396.13727,8.48494,0.03196,9.96094,32,63
2021-12-25T13:08:38+07:00,302.96713,7.52097,0.02524,9.57031,32,62
2021-12-25T13:13:54+07:00,290.7655,7.43649,0.02776,8.20313,32,62
2021-12-25T13:19:09+07:00,304.75467,7.43649,0.02776,9.76563,32,61
2021-12-25T13:24:24+07:00,302.96713,7.35253,0.04035,6.93359,32,62
2021-12-25T13:29:41+07:00,383.71115,8.30488,0.01264,9.81445,32,62
2021-12-25T13:40:17+07:00,292.48102,7.26909,0.0202,10.98633,32,61
2021-12-25T13:45:37+07:00,295.93149,7.10374,0.02356,12.1582,32,59
2021-12-25T13:50:55+07:00,295.93149,7.10374,0.02356,12.98828,32,59
2021-12-25T13:56:14+07:00,282.64594,7.02184,0.01768,12.40234,33,58
2021-12-25T14:06:48+07:00,369.90768,8.12698,0.0328,13.08594,33,60
2021-12-25T14:17:25+07:00,376.4762,8.12698,0.03028,8.54492,33,57
2021-12-25T14:22:47+07:00,298.13019,7.10374,0.02608,10.69336,33,56
2021-12-25T14:33:17+07:00,380.89609,7.9512,0.0286,11.76758,33,55
2021-12-25T14:38:37+07:00,300.33936,7.02184,0.02608,45.94727,34,53
2021-12-25T14:43:56+07:00,288.53775,6.94045,0.03783,46.09375,35,51
2021-12-25T14:54:26+07:00,352.52933,7.9512,0.02104,5.95703,37,48
2021-12-25T14:59:42+07:00,357.06387,7.9512,0.02104,36.2793,34,51
2021-12-25T15:05:05+07:00,263.91446,7.02184,0.01936,5.9082,36,50
2021-12-25T15:10:28+07:00,267.7247,7.10374,0.0328,28.85742,34,51
2021-12-25T15:15:47+07:00,275.76169,7.10374,0.03196,46.04492,33,55
2021-12-25T15:21:06+07:00,371.45358,7.10374,0.02524,29.24805,38,44
2021-12-25T15:26:27+07:00,264.32468,7.43649,0.02272,19.28711,37,48
2021-12-25T15:36:58+07:00,251.93979,7.69149,0.02608,11.23047,34,54
2021-12-25T15:42:16+07:00,249.01169,7.69149,0.03112,3.02734,34,56
2021-12-25T15:52:45+07:00,330.36108,8.94456,0.0328,2.49023,32,61
2021-12-25T15:58:04+07:00,249.30356,7.69149,0.01852,2.14844,31,61
2021-12-25T16:03:23+07:00,318.74908,8.94456,0.02272,2.29492,31,62
2021-12-25T16:19:06+07:00,243.50838,8.21567,0.02104,1.75781,31,65
2021-12-25T16:24:23+07:00,235.43767,8.21567,0.02356,1.70898,30,65
2021-12-25T16:29:43+07:00,235.43767,8.21567,0.02188,1.75781,30,65
2021-12-25T16:35:04+07:00,316.38568,9.22692,0.0328,2.05078,30,65
2021-12-25T16:45:32+07:00,243.12512,8.66716,0.02692,1.61133,30,67
2021-12-25T16:50:52+07:00,323.54688,9.51428,0.02692,2.05078,30,68
2021-12-25T16:56:11+07:00,241.69136,8.57578,0.01516,1.70898,30,68
2021-12-25T17:01:34+07:00,228.21471,8.39464,0.016,1.66016,29,72
2021-12-25T17:06:52+07:00,294.48016,9.61119,0.00844,2.00195,29,72
2021-12-25T17:12:08+07:00,226.85945,8.57578,0.01684,1.5625,29,73
2021-12-25T17:22:34+07:00,389.00919,9.8067,0.01852,1.9043,28,73
2021-12-25T17:33:02+07:00,270.23468,8.75908,0.01348,1.46484,27,76
2021-12-25T17:38:19+07:00,271.84741,9.03813,0.02104,1.80664,27,75
2021-12-25T17:43:48+07:00,270.23468,8.85155,0.00424,1.46484,27,76
2021-12-25T17:49:09+07:00,270.23468,8.85155,0.01012,1.41602,27,76
2021-12-25T17:54:27+07:00,353.59659,10.10424,0.01684,1.80664,27,78
2021-12-25T17:59:47+07:00,353.59659,10.00449,0.00844,1.75781,27,78
2021-12-25T18:05:10+07:00,267.0275,8.85155,0.01516,1.41602,27,78
2021-12-25T18:10:29+07:00,293.54663,9.70866,0.01012,1.46484,27,76
2021-12-25T18:15:49+07:00,265.8577,8.94456,0.01432,1.51367,28,77
2021-12-25T18:21:12+07:00,277.16129,9.13225,0.0202,1.41602,28,77
2021-12-25T18:26:31+07:00,367.95407,9.90531,0.02356,1.51367,28,76
2021-12-25T18:37:03+07:00,294.01315,8.85155,0.01012,1.51367,28,74
2021-12-25T18:42:21+07:00,272.27856,8.48494,0.02188,1.46484,28,73
2021-12-25T18:57:49+07:00,273.89905,8.39464,0.00928,1.46484,28,72
2021-12-25T19:08:15+07:00,262.58493,8.12698,0.02188,1.41602,28,72
2021-12-25T19:13:39+07:00,261.03143,8.03882,0.01012,1.80664,28,73
2021-12-25T19:18:59+07:00,263.72806,8.12698,0.00928,1.75781,27,73
2021-12-25T19:24:19+07:00,262.1701,8.21567,0.00592,1.41602,27,74
2021-12-25T19:34:48+07:00,273.46637,8.57578,0.01516,1.46484,27,74
2021-12-25T19:40:10+07:00,262.1701,8.12698,0.01264,1.46484,27,74
2021-12-25T19:50:43+07:00,263.72806,8.21567,0.0202,1.46484,27,73
2021-12-25T20:01:14+07:00,265.29184,8.57578,0.00844,1.46484,27,72
2021-12-25T20:06:37+07:00,272.27856,8.39464,0.01432,1.46484,28,73
2021-12-25T20:11:57+07:00,364.84985,9.41793,0.01096,1.80664,28,71
2021-12-25T20:43:04+07:00,278.79749,8.21567,0.01348,1.46484,28,69
2021-12-25T20:48:25+07:00,273.89905,8.03882,0.0034,1.51367,28,72
2021-12-25T21:09:44+07:00,275.09134,7.8641,0.02104,1.5625,27,73
2021-12-25T21:20:14+07:00,283.8551,7.8641,0.00424,1.51367,28,73
2021-12-25T21:25:35+07:00,283.8551,8.03882,0.01264,2.00195,28,73
2021-12-25T21:36:04+07:00,285.54456,8.03882,0.01852,1.46484,28,72
2021-12-25T21:41:23+07:00,285.54456,7.9512,0.00592,1.41602,28,72
2021-12-25T21:57:14+07:00,287.24036,8.39464,0.00676,1.46484,28,71
2021-12-25T22:02:43+07:00,284.30496,8.30488,0,1.80664,29,71
2021-12-25T22:08:01+07:00,296.2355,8.57578,0.02104,1.51367,29,71
2021-12-25T22:13:18+07:00,296.2355,8.48494,0.01096,1.51367,29,71
2021-12-25T22:18:39+07:00,284.30496,8.48494,0.0118,1.51367,29,71
2021-12-25T22:29:11+07:00,296.2355,8.85155,0.01516,1.51367,29,71
2021-12-25T22:34:29+07:00,284.30496,8.57578,0.02104,1.61133,29,71
2021-12-25T22:39:50+07:00,297.52707,8.66716,0.01516,1.51367,28,72
2021-12-25T22:45:08+07:00,285.54456,8.57578,0.01684,1.51367,28,72
2021-12-25T22:50:26+07:00,285.54456,8.57578,0.01348,1.51367,28,72
2021-12-25T22:55:44+07:00,297.52707,8.66716,0.02188,1.85547,28,72
2021-12-25T23:01:02+07:00,376.82141,9.70866,0.01852,1.85547,28,72
2021-12-25T23:06:22+07:00,297.52707,8.66716,0.02608,1.51367,28,72
2021-12-25T23:11:39+07:00,297.52707,8.75908,0.0118,1.51367,28,72
2021-12-25T23:22:10+07:00,285.54456,8.57578,0.02524,1.46484,28,72
2021-12-25T23:27:28+07:00,285.54456,8.66716,0.01432,1.46484,28,72
2021-12-25T23:32:47+07:00,285.54456,8.66716,0.01684,1.46484,28,72
2021-12-25T23:43:13+07:00,285.54456,8.57578,0.01768,1.46484,28,72
2021-12-25T23:48:31+07:00,374.59186,9.61119,0.01852,1.5625,28,73
2021-12-25T23:53:49+07:00,283.8551,8.57578,0.00424,1.5625,28,73
2021-12-26T00:04:16+07:00,283.8551,8.48494,0.0202,1.51367,28,73
2021-12-26T00:09:34+07:00,283.8551,8.57578,0.03867,1.51367,28,73
2021-12-26T00:14:50+07:00,283.8551,8.66716,0.03448,1.46484,28,73
2021-12-26T00:20:05+07:00,282.17218,8.57578,0.04455,1.46484,28,74
2021-12-26T00:25:20+07:00,282.17218,8.57578,0.02776,1.46484,28,74
2021-12-26T00:30:35+07:00,374.59186,9.61119,0.05127,1.51367,28,73
2021-12-26T00:35:51+07:00,283.8551,8.57578,0.03028,1.46484,28,73
2021-12-26T00:41:07+07:00,283.8551,8.57578,0.03112,1.46484,28,73
2021-12-26T00:46:22+07:00,283.8551,8.66716,0.03448,1.51367,28,73
2021-12-26T00:51:38+07:00,285.54456,8.85155,0.04371,1.51367,28,72
2021-12-26T00:56:52+07:00,283.8551,8.85155,0.03531,1.46484,28,73
2021-12-26T01:02:09+07:00,283.8551,8.85155,0.03783,1.85547,28,73
2021-12-26T01:07:25+07:00,283.8551,8.75908,0.01348,1.61133,28,73
2021-12-26T01:12:41+07:00,285.54456,8.94456,0.03951,1.51367,28,72
2021-12-26T01:17:55+07:00,283.8551,9.03813,0.04791,1.46484,28,73
2021-12-26T01:23:11+07:00,282.17218,8.94456,0.05883,1.51367,28,74
2021-12-26T01:28:26+07:00,372.37085,10.10424,0.05379,1.51367,28,74
2021-12-26T01:33:43+07:00,282.17218,9.03813,0.05463,1.46484,28,74
2021-12-26T01:39:00+07:00,294.01315,9.13225,0.05799,1.46484,28,74
2021-12-26T01:44:14+07:00,384.40491,9.03813,0.05043,1.46484,28,75
2021-12-26T01:49:29+07:00,282.17218,9.13225,0.05127,1.51367,28,74
2021-12-26T01:54:46+07:00,282.17218,9.13225,0.06891,1.46484,28,74
2021-12-26T02:00:01+07:00,280.49542,9.22692,0.05547,1.46484,28,75
2021-12-26T02:05:16+07:00,292.26617,9.32215,0.05043,1.51367,28,75
2021-12-26T02:10:36+07:00,370.1582,10.50902,0.05043,1.95313,28,75
2021-12-26T02:15:53+07:00,280.49542,9.13225,0.05043,1.51367,28,75
2021-12-26T02:21:10+07:00,370.1582,10.30547,0.03615,1.41602,28,75
2021-12-26T02:26:23+07:00,280.49542,9.13225,0.02776,1.46484,28,75
2021-12-26T02:31:38+07:00,280.49542,9.22692,0.04035,1.46484,28,75
2021-12-26T02:36:54+07:00,280.49542,9.13225,0.04791,1.46484,28,75
2021-12-26T02:42:09+07:00,280.49542,9.13225,0.02524,1.46484,28,75
2021-12-26T02:47:25+07:00,280.49542,9.13225,0.03951,1.51367,28,75
2021-12-26T02:52:39+07:00,269.05588,9.13225,0.04791,1.41602,28,75
2021-12-26T02:57:54+07:00,280.49542,9.22692,0.04623,1.46484,28,75
2021-12-26T03:03:11+07:00,280.49542,9.22692,0.02524,1.46484,28,75
2021-12-26T03:08:26+07:00,280.49542,9.32215,0.02776,1.51367,28,75
2021-12-26T03:13:43+07:00,280.49542,9.22692,0.02776,1.51367,28,75
2021-12-26T03:18:58+07:00,269.05588,9.32215,0.04455,1.51367,28,75
2021-12-26T03:24:15+07:00,280.49542,9.41793,0.04035,1.46484,28,75
2021-12-26T03:29:30+07:00,280.49542,9.41793,0.02608,1.46484,28,75
2021-12-26T03:34:46+07:00,269.05588,9.32215,0.03783,1.41602,28,75
2021-12-26T03:40:03+07:00,269.05588,9.41793,0.02776,1.51367,28,75
2021-12-26T03:45:19+07:00,269.05588,9.32215,0.03531,1.46484,28,75
2021-12-26T03:55:41+07:00,270.66412,9.32215,0.02944,1.51367,28,74
2021-12-26T04:00:55+07:00,269.05588,9.32215,0.04119,1.41602,28,75
2021-12-26T04:06:09+07:00,269.05588,9.32215,0.02356,1.46484,28,75
2021-12-26T04:11:24+07:00,269.05588,9.32215,0.03783,1.46484,28,75
2021-12-26T04:16:39+07:00,269.05588,9.41793,0.04539,1.46484,28,75
2021-12-26T04:21:53+07:00,269.05588,9.41793,0.02776,1.46484,28,75
2021-12-26T04:27:08+07:00,269.05588,9.32215,0.03112,1.46484,28,75
2021-12-26T04:32:22+07:00,269.05588,9.32215,0.02104,1.51367,28,75
2021-12-26T04:37:37+07:00,269.05588,9.51428,0.03112,1.46484,28,75
2021-12-26T04:42:51+07:00,269.05588,9.51428,0.04119,1.51367,28,75
2021-12-26T04:48:06+07:00,269.05588,9.70866,0.03615,1.46484,28,75
2021-12-26T04:53:22+07:00,269.05588,9.61119,0.01936,1.51367,28,75
2021-12-26T04:58:36+07:00,267.45377,8.75908,0.02188,1.46484,28,76
2021-12-26T05:03:51+07:00,267.45377,8.94456,0.01936,1.51367,28,76
2021-12-26T05:09:06+07:00,269.05588,9.51428,0.03699,1.46484,28,75
2021-12-26T05:14:21+07:00,269.05588,9.61119,0.02188,1.46484,28,75
2021-12-26T05:19:35+07:00,267.45377,9.51428,0.01936,1.51367,28,76
2021-12-26T05:24:49+07:00,278.82526,9.61119,0.02608,1.46484,28,76
2021-12-26T05:30:05+07:00,278.82526,9.70866,0.03112,1.36719,28,76
2021-12-26T05:35:25+07:00,278.82526,9.8067,0.02104,1.51367,28,76
2021-12-26T05:40:39+07:00,275.94516,9.90531,0.03951,1.51367,29,76
2021-12-26T05:45:53+07:00,277.60446,9.8067,0.02272,1.51367,29,75
2021-12-26T05:51:08+07:00,301.23639,10.71491,0.03448,1.51367,29,75
2021-12-26T05:56:22+07:00,301.23639,10.81873,0.02272,1.51367,29,75
2021-12-26T06:01:37+07:00,289.25369,10.71491,0.02104,1.51367,29,75
2021-12-26T06:06:52+07:00,378.16913,11.34677,0.02356,1.80664,29,76
2021-12-26T06:12:06+07:00,289.25369,10.50902,0.02608,1.51367,29,75
2021-12-26T06:17:21+07:00,275.94516,10.30547,0.0328,1.51367,29,76
2021-12-26T06:22:36+07:00,278.82526,10.61167,0.02524,1.51367,28,76
2021-12-26T06:27:51+07:00,359.22116,11.56219,0.03699,1.85547,28,80
2021-12-26T06:38:15+07:00,275.50378,10.40696,0.03783,1.70898,28,78
2021-12-26T06:43:31+07:00,275.50378,10.40696,0.02104,1.51367,28,78
2021-12-26T06:48:47+07:00,365.75827,11.45418,0.03364,1.85547,28,77
2021-12-26T06:54:03+07:00,365.75827,11.56219,0,1.9043,28,77
2021-12-26T06:59:25+07:00,277.16129,10.50902,0.0244,1.5625,28,77
2021-12-26T07:04:45+07:00,277.16129,10.50902,0.02356,1.5625,28,77
2021-12-26T07:10:02+07:00,277.16129,10.50902,0.02608,1.5625,28,77
2021-12-26T07:15:16+07:00,365.75827,11.34677,0.01768,1.61133,28,77
2021-12-26T07:20:31+07:00,364.15332,11.56219,0.02356,1.61133,29,76
2021-12-26T07:25:45+07:00,337.21149,11.34677,0.03615,1.95313,29,76
2021-12-26T07:31:01+07:00,275.94516,10.50902,0.02524,1.66016,29,76
2021-12-26T07:41:26+07:00,275.94516,10.61167,0.0202,2.05078,29,76
2021-12-26T07:46:48+07:00,364.15332,11.67081,0.0202,1.70898,29,76
2021-12-26T07:52:05+07:00,275.94516,10.40696,0.0244,1.70898,29,76
2021-12-26T07:57:22+07:00,277.60446,10.40696,0.02188,1.70898,29,75
2021-12-26T08:02:46+07:00,277.60446,10.61167,0.01936,1.75781,29,75
2021-12-26T08:08:05+07:00,277.60446,10.30547,0.0286,1.75781,29,75
2021-12-26T08:13:23+07:00,277.60446,10.20457,0.01264,1.75781,29,75
2021-12-26T08:23:58+07:00,279.27005,10.20457,0.03112,1.80664,29,74
2021-12-26T08:29:17+07:00,279.27005,10.50902,0.01516,2.05078,29,74
2021-12-26T08:34:36+07:00,279.27005,10.61167,0.01516,1.85547,29,74
2021-12-26T08:39:53+07:00,274.73251,10.61167,0.02272,1.80664,30,75
2021-12-26T08:45:09+07:00,354.72598,11.78004,0.016,1.80664,29,74
2021-12-26T09:06:04+07:00,269.48419,10.61167,0.016,1.85547,29,73
2021-12-26T09:21:48+07:00,278.04797,10.81873,0.00508,2.24609,30,73
2021-12-26T09:27:07+07:00,266.70816,10.71491,0.01348,2.29492,30,73
2021-12-26T09:32:29+07:00,279.71527,10.92315,0.016,1.95313,30,72
2021-12-26T09:37:52+07:00,268.30753,10.92315,0.00172,2.00195,30,72
2021-12-26T09:43:11+07:00,279.71527,11.34677,0.01348,2.00195,30,72
2021-12-26T09:48:30+07:00,279.71527,11.45418,0.02188,2.00195,30,72
2021-12-26T09:53:53+07:00,279.71527,11.45418,0,2.00195,30,72
2021-12-26T09:59:13+07:00,281.38885,11.67081,0.02944,2.53906,30,71
2021-12-26T10:09:42+07:00,281.38885,9.70866,0.0076,2.14844,30,71
2021-12-26T10:20:08+07:00,269.91284,8.85155,0.01684,2.39258,30,71
2021-12-26T10:25:29+07:00,357.41721,8.94456,0.02188,2.09961,30,71
2021-12-26T10:30:52+07:00,269.91284,8.94456,0.04119,2.29492,30,71
2021-12-26T10:41:19+07:00,281.38885,9.41793,0.02356,2.24609,30,71
2021-12-26T10:46:37+07:00,278.49194,9.61119,0.02188,2.19727,31,71
2021-12-26T10:57:13+07:00,280.16095,9.61119,0.01264,2.29492,31,70
2021-12-26T11:23:06+07:00,371.92764,11.34677,0.0244,2.73438,31,69
2021-12-26T11:33:46+07:00,371.92764,10.20457,0.0286,2.97852,31,69
2021-12-26T11:54:45+07:00,283.51794,9.22692,0.00676,2.58789,31,68
2021-12-26T12:00:03+07:00,283.51794,9.70866,0.03448,2.63672,31,68
2021-12-26T12:15:45+07:00,280.60709,9.22692,0.01936,2.63672,32,68
2021-12-26T12:21:03+07:00,278.93637,9.41793,0.01264,2.49023,32,69
2021-12-26T12:31:35+07:00,280.60709,10.00449,0.00928,2.73438,32,68
2021-12-26T12:47:10+07:00,280.60709,10.61167,0.01096,2.73438,32,68
2021-12-26T13:18:28+07:00,285.65741,8.66716,0.00928,3.71094,32,65
2021-12-26T13:23:44+07:00,282.73233,8.21567,0.01348,3.27148,33,65
2021-12-26T13:29:01+07:00,282.73233,8.21567,0.01348,3.4668,33,65
2021-12-26T13:34:22+07:00,284.41757,8.12698,0.02104,3.80859,33,64
2021-12-26T13:39:38+07:00,284.41757,8.30488,0.0202,3.125,33,64
2021-12-26T13:44:56+07:00,375.33405,9.22692,0.02524,3.36914,33,64
2021-12-26T13:50:15+07:00,284.41757,8.39464,0.02356,3.56445,33,64
2021-12-26T13:55:32+07:00,286.1091,8.39464,0.02188,3.80859,33,63
2021-12-26T14:00:50+07:00,286.1091,8.30488,0.02524,3.75977,33,63
2021-12-26T14:06:07+07:00,274.44055,8.39464,0.02104,3.17383,33,63
2021-12-26T14:11:25+07:00,286.1091,8.21567,0.00676,3.66211,33,63
2021-12-26T14:16:42+07:00,286.1091,8.21567,0.0202,3.36914,33,63
2021-12-26T14:22:07+07:00,274.44055,8.30488,0.0328,3.71094,33,63
2021-12-26T14:27:27+07:00,276.06927,8.30488,0.0244,4.10156,33,62
2021-12-26T14:32:44+07:00,286.56131,8.21567,0.0034,4.58984,34,61
2021-12-26T14:38:02+07:00,288.26105,8.21567,0.0034,9.17969,34,60
2021-12-26T14:43:19+07:00,287.01398,8.21567,0.02944,7.61719,35,59
2021-12-26T14:48:36+07:00,289.17014,8.12698,0.02944,2.63672,36,56
2021-12-26T14:53:53+07:00,289.9671,8.30488,0.0118,2.83203,34,59
2021-12-26T15:04:23+07:00,286.56131,8.12698,0.0286,9.375,34,61
2021-12-26T15:09:43+07:00,287.01398,8.03882,0.02608,10.83984,35,59
2021-12-26T15:15:04+07:00,301.77905,8.12698,0.02944,9.52148,37,54
2021-12-26T15:20:22+07:00,294.77841,8.21567,0.02104,11.18164,37,51
2021-12-26T15:25:40+07:00,291.79395,8.03882,0.0328,10.35156,38,51
2021-12-26T15:31:07+07:00,290.08105,8.30488,0.02356,10.88867,38,52
2021-12-26T15:36:25+07:00,294.77841,8.30488,0.04371,11.42578,37,51
2021-12-26T15:41:44+07:00,293.05426,8.30488,0.0328,10.98633,37,52
2021-12-26T15:47:01+07:00,293.05426,8.39464,0.03615,10.40039,37,52
2021-12-26T15:57:32+07:00,291.33658,8.48494,0.0244,4.39453,37,53
2021-12-26T16:02:55+07:00,289.62531,8.39464,0.03448,4.15039,37,54
2021-12-26T16:08:11+07:00,291.33658,8.39464,0.03028,3.90625,37,53
2021-12-26T16:13:28+07:00,279.45483,8.30488,0.00928,4.10156,37,53
2021-12-26T16:18:45+07:00,281.10248,8.12698,0.01684,3.4668,37,52
2021-12-26T16:24:03+07:00,279.45483,8.21567,0.02104,3.32031,37,53
2021-12-26T16:29:26+07:00,384.46487,9.32215,0.0244,3.4668,37,53
2021-12-26T16:39:53+07:00,282.31473,8.21567,0.0244,2.97852,36,53
2021-12-26T16:50:19+07:00,280.22287,8.03882,0.0202,2.63672,35,56
2021-12-26T16:55:36+07:00,265.50085,8.21567,0.02776,2.09961,35,58
2021-12-26T17:00:53+07:00,266.65192,8.12698,0.0244,2.00195,34,59
2021-12-26T17:06:12+07:00,267.80624,8.30488,0.03615,1.85547,33,60
2021-12-26T17:11:33+07:00,266.23294,8.21567,0.02272,1.75781,33,61
2021-12-26T17:16:51+07:00,264.66559,8.21567,0.02776,1.66016,33,62
2021-12-26T17:22:19+07:00,264.66559,8.12698,0.02104,1.5625,33,62
2021-12-26T17:27:37+07:00,349.63205,9.13225,0.03364,1.5625,33,63
2021-12-26T17:32:55+07:00,264.24857,8.21567,0.0244,1.5625,32,64
2021-12-26T17:38:14+07:00,262.68872,8.30488,0.01516,1.5625,32,65
2021-12-26T17:43:33+07:00,347.01498,9.32215,0.04119,1.5625,32,66
2021-12-26T17:48:53+07:00,333.70093,9.32215,0.03196,1.9043,32,66
2021-12-26T17:54:10+07:00,325.97931,9.22692,0.01684,1.5625,31,65
2021-12-26T18:04:44+07:00,252.79167,8.66716,0.01936,1.51367,31,66
2021-12-26T18:10:01+07:00,251.2986,8.75908,0.01432,1.51367,31,67
2021-12-26T18:20:31+07:00,260.72141,8.48494,0.0202,1.5625,31,68
2021-12-26T18:25:49+07:00,260.72141,8.66716,0.03364,1.5625,31,68
2021-12-26T18:31:09+07:00,318.33762,9.22692,0.02104,1.51367,31,69
2021-12-26T18:36:29+07:00,344.41046,9.61119,0.01264,1.85547,31,69
2021-12-26T18:41:49+07:00,344.41046,9.61119,0.01852,1.5625,31,69
2021-12-26T18:47:08+07:00,248.32936,8.66716,0.02692,1.51367,31,69
2021-12-26T18:52:28+07:00,246.85323,8.48494,0.0118,1.51367,31,70
2021-12-26T18:57:47+07:00,257.63425,8.85155,0.02104,1.51367,31,70
2021-12-26T19:03:09+07:00,256.09946,8.75908,0.03867,1.51367,31,71
2021-12-26T19:08:25+07:00,340.32358,9.90531,0.04119,1.85547,31,71
2021-12-26T19:24:00+07:00,256.09946,8.66716,0.01852,1.80664,31,71
2021-12-26T19:29:19+07:00,245.38263,8.75908,0.02104,1.5625,31,71
2021-12-26T19:34:39+07:00,327.26636,9.51428,0.02524,1.9043,31,71
2021-12-26T19:39:59+07:00,340.32358,9.61119,0.01936,1.9043,31,71
2021-12-26T20:11:18+07:00,256.09946,8.48494,0.02356,1.5625,31,71
2021-12-26T20:27:03+07:00,343.8638,9.70866,0.02524,1.9043,30,71
2021-12-26T20:43:03+07:00,256.09946,8.75908,0.00928,1.51367,31,71
2021-12-26T20:59:10+07:00,256.09946,8.75908,0.02272,1.9043,31,71
2021-12-26T21:20:19+07:00,338.29175,8.57578,0.01516,1.5625,31,72
2021-12-26T21:41:02+07:00,328.70392,9.90531,0.0286,1.9043,30,72
2021-12-26T21:51:51+07:00,257.22437,8.85155,0.02692,1.51367,30,72
2021-12-26T21:57:11+07:00,255.69116,8.66716,0.00844,1.46484,30,73
2021-12-26T22:07:38+07:00,255.69116,8.66716,0.01348,1.5625,30,73
2021-12-26T22:18:07+07:00,244.99142,8.57578,0.00928,1.5625,30,73
2021-12-26T22:23:25+07:00,244.99142,8.48494,0.01012,1.5625,30,73
2021-12-26T22:28:47+07:00,244.99142,8.48494,0.02524,1.5625,30,73
2021-12-26T22:39:13+07:00,244.99142,8.48494,0.01852,1.5625,30,73
2021-12-26T22:44:30+07:00,243.528,8.39464,0.02104,1.5625,30,74
2021-12-26T22:49:50+07:00,255.69116,8.39464,0.016,1.5625,30,73
2021-12-26T22:55:10+07:00,244.99142,8.39464,0.02692,1.5625,30,73
2021-12-26T23:00:29+07:00,243.528,8.39464,0.00508,1.5625,30,74
2021-12-26T23:05:47+07:00,244.99142,8.39464,0.01516,1.5625,30,73
2021-12-26T23:11:05+07:00,244.99142,8.39464,0.01936,1.9043,30,73
2021-12-26T23:16:26+07:00,326.7446,9.61119,0.016,1.5625,30,73
2021-12-26T23:21:46+07:00,244.99142,8.21567,0.01768,1.5625,30,73
2021-12-26T23:27:08+07:00,244.99142,8.30488,0.02608,1.5625,30,73
2021-12-26T23:32:27+07:00,243.528,8.30488,0.01516,1.5625,30,74
2021-12-26T23:37:44+07:00,243.528,8.30488,0.01264,1.5625,30,74
2021-12-26T23:43:02+07:00,244.99142,8.21567,0.04791,1.5625,30,73
2021-12-26T23:48:19+07:00,243.528,8.21567,0.00928,1.5625,30,74
2021-12-26T23:53:38+07:00,243.528,8.12698,0.0118,1.5625,30,74
2021-12-26T23:58:54+07:00,244.99142,8.21567,0.0328,1.5625,30,73
2021-12-27T00:04:11+07:00,243.528,8.12698,0.01936,1.5625,30,74
2021-12-27T00:09:27+07:00,330.14554,9.13225,0.02104,1.9043,29,73
2021-12-27T00:14:43+07:00,243.528,7.9512,0.03028,1.5625,30,74
2021-12-27T00:20:00+07:00,243.528,7.9512,0.00928,1.61133,30,74
2021-12-27T00:25:16+07:00,243.528,8.03882,0.0202,1.5625,30,74
2021-12-27T00:30:33+07:00,243.528,7.9512,0.02608,1.5625,30,74
2021-12-27T00:35:47+07:00,324.79282,8.94456,0.01264,1.9043,30,74
2021-12-27T00:41:03+07:00,243.528,8.03882,0.00088,1.5625,30,74
2021-12-27T00:46:18+07:00,243.528,7.9512,0.02272,1.5625,30,74
2021-12-27T00:51:36+07:00,243.528,7.9512,0.00424,1.75781,30,74
2021-12-27T00:56:58+07:00,324.79282,9.13225,0.02692,1.9043,30,74
2021-12-27T01:02:15+07:00,243.528,8.12698,0.01096,1.5625,30,74
2021-12-27T01:07:29+07:00,243.528,8.12698,0.03615,1.5625,30,74
2021-12-27T01:12:46+07:00,243.528,8.03882,0.00928,1.5625,30,74
2021-12-27T01:18:05+07:00,242.07011,7.77753,0.00592,1.61133,30,75
2021-12-27T01:23:19+07:00,243.528,7.77753,0.02356,1.5625,30,74
2021-12-27T01:28:33+07:00,242.07011,7.9512,0.0118,1.5625,30,75
2021-12-27T01:33:47+07:00,242.07011,7.69149,0.01264,1.5625,30,75
2021-12-27T01:39:03+07:00,310.31384,8.57578,0.01516,1.9043,30,75
2021-12-27T01:44:19+07:00,310.31384,8.57578,0.02776,1.46484,30,75
2021-12-27T01:49:34+07:00,242.07011,7.52097,0.00844,1.51367,30,75
2021-12-27T01:54:48+07:00,242.07011,7.52097,0.01768,1.5625,30,75
2021-12-27T02:00:05+07:00,242.07011,7.60597,0.01264,1.70898,30,75
2021-12-27T02:05:20+07:00,246.06821,7.60597,0.00004,1.9043,29,74
2021-12-27T02:10:34+07:00,315.43896,8.66716,0.0202,1.5625,29,74
2021-12-27T02:15:48+07:00,234.22943,7.69149,0.0328,1.5625,29,75
2021-12-27T02:21:03+07:00,313.55768,8.75908,0.0328,1.5625,29,75
2021-12-27T02:26:18+07:00,244.60065,7.69149,0.00928,1.5625,29,75
2021-12-27T02:31:33+07:00,244.60065,7.69149,0.02356,1.46484,29,75
2021-12-27T02:36:49+07:00,326.22336,8.75908,0.02104,1.9043,29,75
2021-12-27T02:47:14+07:00,243.13866,7.69149,0.04203,1.5625,29,76
2021-12-27T02:52:30+07:00,243.13866,7.69149,0.04623,1.5625,29,76
2021-12-27T02:57:45+07:00,244.60065,7.77753,0.0118,2.00195,29,75
2021-12-27T03:03:01+07:00,244.60065,7.77753,0.04623,1.5625,29,75
2021-12-27T03:08:16+07:00,243.13866,7.69149,0.00928,1.5625,29,76
2021-12-27T03:13:31+07:00,243.13866,7.69149,0.02356,1.51367,29,76
2021-12-27T03:18:47+07:00,243.13866,7.69149,0.02272,1.5625,29,76
2021-12-27T03:24:00+07:00,234.22943,7.69149,0.01348,1.5625,29,75
2021-12-27T03:29:15+07:00,243.13866,7.69149,0.016,1.5625,29,76
2021-12-27T03:34:28+07:00,234.22943,7.52097,0.03112,1.5625,29,75
2021-12-27T03:39:43+07:00,244.60065,7.60597,0.00676,1.5625,29,75
2021-12-27T03:45:00+07:00,244.60065,7.60597,0.02776,1.9043,29,75
2021-12-27T03:50:15+07:00,244.60065,7.69149,0.0328,1.5625,29,75
2021-12-27T03:55:30+07:00,244.60065,7.60597,0.0286,1.5625,29,75
2021-12-27T04:00:43+07:00,244.60065,7.69149,0.02608,1.5625,29,75
2021-12-27T04:05:57+07:00,244.60065,7.69149,0.04035,1.5625,29,75
2021-12-27T04:11:12+07:00,244.60065,7.60597,0.0118,1.5625,29,75
2021-12-27T04:16:25+07:00,240.61786,7.60597,0.03364,1.5625,30,76
2021-12-27T04:21:40+07:00,326.22336,8.75908,0.01432,1.5625,29,75
2021-12-27T04:26:54+07:00,243.13866,7.69149,0.02608,1.5625,29,76
2021-12-27T04:32:07+07:00,234.22943,7.60597,0.01096,1.5625,29,75
2021-12-27T04:37:22+07:00,324.27359,8.85155,0.01768,1.9043,29,76
2021-12-27T04:42:36+07:00,243.13866,7.77753,0.016,1.5625,29,76
2021-12-27T04:47:50+07:00,243.13866,7.8641,0.02356,1.5625,29,76
2021-12-27T04:53:04+07:00,243.13866,7.9512,0.01432,1.5625,29,76
2021-12-27T04:58:19+07:00,243.13866,7.8641,0.0244,1.5625,29,76
2021-12-27T05:03:33+07:00,324.27359,9.03813,0.02356,1.9043,29,76
2021-12-27T05:08:47+07:00,252.23747,8.03882,0.03028,1.5625,29,77
2021-12-27T05:14:03+07:00,337.21149,9.22692,0.03196,1.9043,29,76
2021-12-27T05:19:17+07:00,243.13866,7.9512,0.016,1.5625,29,76
2021-12-27T05:24:32+07:00,324.27359,9.03813,0.02104,1.5625,29,76
2021-12-27T05:29:47+07:00,241.68227,7.9512,0.02776,1.5625,29,77
2021-12-27T05:35:02+07:00,322.33121,9.03813,0.01096,1.5625,29,77
2021-12-27T05:40:16+07:00,241.68227,7.9512,0.03028,1.5625,29,77
2021-12-27T05:45:31+07:00,243.13866,8.03882,0.04119,1.5625,29,76
2021-12-27T05:50:45+07:00,322.33121,9.22692,0.03028,1.5625,29,77
2021-12-27T05:55:59+07:00,322.33121,8.94456,0.03448,1.9043,29,77
2021-12-27T06:01:14+07:00,322.33121,9.03813,0.02524,1.80664,29,77
2021-12-27T06:06:29+07:00,252.23747,7.8641,0.02188,1.5625,29,77
2021-12-27T06:11:44+07:00,252.23747,8.03882,0.01348,1.5625,29,77
2021-12-27T06:16:59+07:00,252.23747,7.9512,0.04707,1.61133,29,77
2021-12-27T06:22:15+07:00,252.23747,8.03882,0.01264,1.5625,29,77
2021-12-27T06:27:29+07:00,252.23747,8.12698,0.05043,1.5625,29,77
2021-12-27T06:32:42+07:00,252.23747,8.21567,0.02272,1.46484,29,77
2021-12-27T06:37:58+07:00,329.71011,9.41793,0.03783,1.9043,30,78
2021-12-27T06:43:15+07:00,263.10562,8.48494,0.03112,1.5625,29,77
2021-12-27T06:48:29+07:00,263.10562,8.48494,0.02776,1.5625,29,77
2021-12-27T06:53:44+07:00,263.10562,8.39464,0.02272,1.5625,29,77
2021-12-27T06:59:01+07:00,252.23747,8.30488,0.03196,1.5625,29,77
2021-12-27T07:04:17+07:00,263.10562,8.48494,0.02104,1.5625,29,77
2021-12-27T07:09:33+07:00,263.10562,8.39464,0.0286,1.5625,29,77
2021-12-27T07:14:49+07:00,263.10562,8.39464,0.03112,1.5625,29,77
2021-12-27T07:20:06+07:00,263.10562,8.39464,0.03112,1.5625,29,77
2021-12-27T07:25:22+07:00,322.33121,9.51428,0.02776,1.61133,29,77
2021-12-27T07:30:36+07:00,260.37198,8.39464,0.05799,1.5625,30,77
2021-12-27T07:35:56+07:00,260.37198,8.48494,0.0286,1.61133,30,77
2021-12-27T07:41:11+07:00,260.37198,8.48494,0.03028,1.70898,30,77
2021-12-27T07:46:28+07:00,271.44229,9.32215,0.0202,1.80664,30,77
2021-12-27T08:02:07+07:00,261.94687,8.39464,0.016,1.85547,30,76
2021-12-27T08:07:23+07:00,261.94687,8.94456,0.03112,1.80664,30,76
2021-12-27T08:12:42+07:00,261.94687,8.94456,0.02356,1.75781,30,76
2021-12-27T08:17:59+07:00,346.86887,8.30488,0.02944,1.80664,30,76
2021-12-27T08:23:19+07:00,261.94687,8.48494,0.01264,1.80664,30,76
2021-12-27T08:28:37+07:00,263.52789,8.48494,0.06639,1.75781,30,75
2021-12-27T08:39:06+07:00,263.52789,8.57578,0.0286,1.85547,30,75
2021-12-27T08:49:35+07:00,263.52789,8.21567,0.01768,1.9043,30,75
2021-12-27T08:54:56+07:00,263.52789,8.21567,0.04035,1.95313,30,75
2021-12-27T09:00:14+07:00,265.11499,8.30488,0.03028,1.95313,30,74
2021-12-27T09:05:32+07:00,337.7515,9.32215,0.02692,1.95313,30,74
2021-12-27T09:16:00+07:00,254.16377,8.03882,0.04623,1.95313,30,74
2021-12-27T09:21:21+07:00,254.16377,8.12698,0.02356,1.75781,30,74
2021-12-27T09:26:42+07:00,254.16377,8.12698,0.03699,1.9043,30,74
2021-12-27T09:32:02+07:00,254.16377,8.21567,0.01096,1.85547,30,74
2021-12-27T09:37:21+07:00,254.16377,8.39464,0.04623,2.00195,30,74
2021-12-27T09:42:39+07:00,255.69116,7.8641,0.01936,2.00195,30,73
2021-12-27T09:53:05+07:00,254.16377,7.9512,0.01348,2.14844,30,74
2021-12-27T09:58:27+07:00,255.69116,8.03882,0.02944,2.14844,30,73
2021-12-27T10:03:51+07:00,339.7811,9.22692,0.03028,2.09961,30,73
2021-12-27T10:09:11+07:00,254.57045,8.30488,0.01768,2.58789,31,72
2021-12-27T10:14:29+07:00,254.57045,8.03882,0.02524,2.24609,31,72
2021-12-27T10:19:48+07:00,254.57045,8.21567,0.0328,2.63672,31,72
2021-12-27T10:25:06+07:00,254.57045,8.48494,0.03531,2.29492,31,72
2021-12-27T10:30:30+07:00,254.57045,8.39464,0.02944,2.39258,31,72
2021-12-27T10:35:51+07:00,256.09946,8.39464,0.02944,2.29492,31,71
2021-12-27T10:41:11+07:00,256.09946,8.30488,0.0244,2.19727,31,71
2021-12-27T10:46:29+07:00,256.09946,8.12698,0.01432,2.29492,31,71
2021-12-27T10:51:48+07:00,256.09946,8.12698,0.01684,2.44141,31,71
2021-12-27T10:57:08+07:00,256.09946,8.12698,0.01432,2.44141,31,71
2021-12-27T11:02:31+07:00,257.63425,8.12698,0.04539,2.7832,31,70
2021-12-27T11:07:53+07:00,342.36316,9.51428,0.02608,2.73438,31,70
2021-12-27T11:44:17+07:00,336.80688,9.22692,0.01516,2.24609,32,71
2021-12-27T11:54:44+07:00,254.97765,8.21567,0.01768,2.63672,32,70
2021-12-27T12:05:14+07:00,354.30209,8.39464,0.01432,2.68555,32,69
2021-12-27T12:15:59+07:00,256.50815,8.12698,0.03028,2.58789,32,69
2021-12-27T12:42:35+07:00,325.83282,9.32215,0.03112,2.19727,32,70
2021-12-27T12:53:02+07:00,354.30209,8.21567,0.03196,2.34375,32,69
2021-12-27T12:58:22+07:00,256.50815,8.21567,0.03028,2.63672,32,69
2021-12-27T13:08:53+07:00,340.86676,9.13225,0.0076,2.92969,32,69
2021-12-27T13:14:11+07:00,269.16293,8.03882,0.03615,3.32031,32,68
2021-12-27T13:19:34+07:00,331.7226,9.32215,0.04539,3.36914,32,67
2021-12-27T13:35:23+07:00,356.99146,9.32215,0.02188,3.80859,33,66
2021-12-27T13:51:04+07:00,269.59122,8.03882,0.02104,2.97852,33,66
2021-12-27T13:56:23+07:00,258.45517,8.03882,0.02692,1.9043,33,66
2021-12-27T14:12:05+07:00,258.04449,8.12698,0.03112,2.00195,32,68
2021-12-27T14:17:24+07:00,270.77158,8.03882,0.03951,2.73438,32,67
2021-12-27T14:22:44+07:00,270.77158,8.03882,0.03448,2.44141,32,67
2021-12-27T14:28:02+07:00,270.77158,8.03882,0.03699,3.75977,32,67
2021-12-27T14:33:22+07:00,261.13477,7.9512,0.02524,3.17383,32,66
2021-12-27T14:43:53+07:00,276.06927,7.60597,0.0286,9.375,33,62
2021-12-27T14:54:24+07:00,265.50085,7.69149,0.03028,2.34375,35,58
2021-12-27T14:59:42+07:00,274.8743,7.77753,0.02776,1.80664,34,61
2021-12-27T15:05:03+07:00,347.56479,9.03813,0.01516,1.66016,33,64
2021-12-27T15:10:20+07:00,258.45517,7.9512,0.01936,1.75781,33,66
2021-12-27T15:15:39+07:00,259.58664,7.9512,0.03699,1.80664,32,67
2021-12-27T15:20:58+07:00,259.58664,7.8641,0.01768,2.05078,32,67
2021-12-27T15:26:19+07:00,259.58664,7.77753,0.0202,2.73438,32,67
2021-12-27T15:31:36+07:00,270.77158,8.21567,0.03196,2.39258,32,67
2021-12-27T15:36:55+07:00,344.95773,9.13225,0.03951,4.98047,32,67
2021-12-27T15:42:16+07:00,272.81796,8.21567,0.0244,1.70898,33,64
2021-12-27T15:47:36+07:00,269.59122,8.21567,0.03112,1.61133,33,66
2021-12-27T15:52:54+07:00,269.16293,7.9512,0.03783,2.00195,32,68
2021-12-27T16:08:29+07:00,265.9639,7.8641,0.03615,1.61133,32,70
2021-12-27T16:13:53+07:00,265.9639,8.21567,0.01852,1.61133,32,70
2021-12-27T16:19:16+07:00,270.34195,8.21567,0.02524,1.75781,31,69
2021-12-27T16:24:32+07:00,270.34195,8.30488,0.03364,1.66016,31,69
2021-12-27T16:29:55+07:00,265.9639,8.03882,0.04371,1.5625,32,70
2021-12-27T16:40:26+07:00,259.1748,8.39464,0.02272,1.5625,31,69
2021-12-27T16:45:50+07:00,260.72141,7.8641,0.02188,1.5625,31,68
2021-12-27T17:07:01+07:00,248.32936,7.8641,0.03196,1.5625,31,69
2021-12-27T17:17:32+07:00,260.30838,7.77753,0.03364,1.9043,30,70
2021-12-27T17:28:22+07:00,250.90146,8.03882,0.01852,1.5625,30,69
2021-12-27T17:39:07+07:00,250.90146,8.30488,0.00844,1.80664,30,69
2021-12-27T17:44:26+07:00,261.85922,8.48494,0.03448,1.61133,30,69
2021-12-27T17:49:45+07:00,260.30838,8.57578,0.01264,1.26953,30,70
2021-12-27T17:55:04+07:00,258.76337,8.75908,0.00928,1.26953,30,71
2021-12-27T18:36:56+07:00,268.30753,8.30488,0.01852,1.41602,30,72
2021-12-27T18:42:16+07:00,341.8186,9.8067,0.02692,1.61133,30,72
2021-12-27T19:19:13+07:00,258.76337,7.9512,0.03783,1.26953,30,71
2021-12-27T19:29:55+07:00,246.46049,7.8641,0.01096,1.26953,30,72
2021-12-27T20:06:39+07:00,268.30753,8.21567,0.02944,1.51367,30,72
2021-12-27T20:32:54+07:00,278.04797,8.57578,0.00844,1.31836,30,73
2021-12-27T20:48:36+07:00,279.27005,8.85155,0.02272,1.66016,29,74
2021-12-27T21:04:25+07:00,279.27005,8.75908,0.01768,1.51367,29,74
2021-12-27T21:09:53+07:00,274.73251,8.75908,0.03867,1.41602,30,75
2021-12-27T21:20:23+07:00,276.38705,8.85155,0.02272,1.31836,30,74
2021-12-27T21:30:56+07:00,276.38705,8.94456,0.01684,1.46484,30,74
2021-12-27T21:41:31+07:00,276.38705,8.85155,0.01684,1.17188,30,74
2021-12-27T22:07:37+07:00,277.60446,8.94456,0.02944,1.36719,29,75
2021-12-27T22:18:05+07:00,277.60446,9.03813,0.01096,1.31836,29,75
2021-12-27T22:23:22+07:00,360.37796,10.20457,0.02608,1.36719,30,76
2021-12-27T22:28:42+07:00,360.37796,10.10424,0.01264,1.26953,30,76
2021-12-27T22:34:01+07:00,273.08429,9.03813,0.02776,1.41602,30,76
2021-12-27T22:39:19+07:00,277.60446,8.94456,0.01684,1.2207,29,75
2021-12-27T22:49:49+07:00,273.08429,9.03813,0.0328,1.2207,30,76
2021-12-27T22:55:09+07:00,364.15332,10.30547,0.01936,1.26953,29,76
2021-12-27T23:00:27+07:00,287.52493,9.13225,0.02272,1.36719,29,76
2021-12-27T23:05:50+07:00,284.54388,10.20457,0.01516,1.46484,30,76
2021-12-27T23:11:09+07:00,360.37796,10.30547,0.02188,1.61133,30,76
2021-12-27T23:16:33+07:00,374.24823,10.30547,0.01768,1.66016,30,76
2021-12-27T23:21:49+07:00,284.54388,9.13225,0.03448,1.31836,30,76
2021-12-27T23:27:06+07:00,274.73251,9.03813,0.03112,1.51367,30,75
2021-12-27T23:32:25+07:00,362.55304,10.10424,0.04203,1.36719,30,75
2021-12-27T23:37:41+07:00,274.73251,8.94456,0.0202,1.36719,30,75
2021-12-27T23:42:59+07:00,279.27005,8.94456,0.01684,1.46484,29,74
2021-12-27T23:48:16+07:00,286.26129,8.94456,0.01096,1.41602,30,75
2021-12-27T23:58:42+07:00,276.38705,8.85155,0.016,1.41602,30,74
2021-12-28T00:03:59+07:00,276.38705,8.85155,0.0286,1.26953,30,74
2021-12-28T00:09:15+07:00,274.73251,8.66716,0.02188,1.2207,30,75
2021-12-28T00:14:31+07:00,274.73251,8.66716,0.01096,1.31836,30,75
2021-12-28T00:19:48+07:00,364.73645,9.70866,0.0118,1.26953,30,74
2021-12-28T00:25:06+07:00,265.11499,8.57578,0.016,1.31836,30,74
2021-12-28T00:30:23+07:00,265.11499,8.66716,0.0118,1.31836,30,74
2021-12-28T00:35:40+07:00,364.73645,8.75908,0.01516,1.36719,30,74
2021-12-28T00:40:56+07:00,274.73251,8.66716,0.00676,1.46484,30,75
2021-12-28T00:46:12+07:00,274.73251,8.75908,0.01768,1.36719,30,75
2021-12-28T00:51:28+07:00,368.54108,9.90531,0.02104,1.5625,29,74
2021-12-28T00:56:42+07:00,274.73251,9.61119,0.02188,1.36719,30,75
2021-12-28T01:01:57+07:00,274.73251,8.66716,0.03112,1.2207,30,75
2021-12-28T01:07:12+07:00,261.94687,8.85155,0.01684,1.36719,30,76
2021-12-28T01:12:28+07:00,360.37796,8.75908,0.03028,1.26953,30,76
2021-12-28T01:17:42+07:00,274.73251,8.85155,0.01516,1.36719,30,75
2021-12-28T01:22:56+07:00,261.94687,8.75908,0.01348,1.26953,30,76
2021-12-28T01:28:10+07:00,273.08429,8.66716,0.04035,1.31836,30,76
2021-12-28T01:33:25+07:00,277.60446,8.66716,0.02608,1.26953,29,75
2021-12-28T01:38:39+07:00,273.08429,8.66716,0.02692,1.26953,30,76
2021-12-28T01:43:53+07:00,273.08429,8.66716,0.03028,1.26953,30,76
2021-12-28T01:49:07+07:00,360.37796,9.90531,0.02776,1.61133,30,76
2021-12-28T01:54:21+07:00,261.94687,9.41793,0.0118,1.2207,30,76
2021-12-28T01:59:35+07:00,346.86887,10.92315,0.00928,1.5625,30,76
2021-12-28T02:04:49+07:00,261.94687,8.75908,0.0244,1.31836,30,76
2021-12-28T02:10:03+07:00,261.94687,8.85155,0.02776,1.41602,30,76
2021-12-28T02:15:18+07:00,261.94687,8.75908,0.01936,1.36719,30,76
2021-12-28T02:20:34+07:00,261.94687,8.85155,0.02608,1.31836,30,76
2021-12-28T02:25:48+07:00,273.08429,8.75908,0.02272,1.26953,30,76
2021-12-28T02:31:02+07:00,261.94687,8.85155,0.0328,1.31836,30,76
2021-12-28T02:36:18+07:00,261.94687,8.85155,0.02272,1.41602,30,76
2021-12-28T02:41:33+07:00,266.28268,8.94456,0.02608,1.26953,29,75
2021-12-28T02:46:47+07:00,352.61032,9.90531,0.02608,1.31836,29,75
2021-12-28T02:52:02+07:00,320.91156,10.10424,0.01852,1.61133,30,76
2021-12-28T02:57:17+07:00,261.94687,8.85155,0.02188,1.26953,30,76
2021-12-28T03:02:31+07:00,261.94687,8.85155,0.01936,1.17188,30,76
2021-12-28T03:07:46+07:00,261.94687,8.94456,0.03699,1.26953,30,76
2021-12-28T03:13:01+07:00,346.86887,9.90531,0.02356,1.26953,30,76
2021-12-28T03:18:16+07:00,261.94687,8.75908,0.03783,1.31836,30,76
2021-12-28T03:23:30+07:00,261.94687,8.75908,0.01348,1.51367,30,76
2021-12-28T03:28:47+07:00,260.37198,8.66716,0.01096,1.46484,30,77
2021-12-28T03:34:01+07:00,261.94687,8.57578,0.03028,1.17188,30,76
2021-12-28T03:39:16+07:00,261.94687,8.66716,0.0286,1.31836,30,76
2021-12-28T03:44:30+07:00,261.94687,8.57578,0.0328,1.61133,30,76
2021-12-28T03:49:44+07:00,264.69119,8.75908,0.01852,1.51367,29,76
2021-12-28T03:54:58+07:00,266.28268,8.57578,0.02524,1.31836,29,75
2021-12-28T04:00:12+07:00,264.69119,8.66716,0.02944,1.17188,29,76
2021-12-28T04:05:26+07:00,264.69119,8.66716,0.00928,1.26953,29,76
2021-12-28T04:10:42+07:00,266.28268,8.57578,0.02776,1.26953,29,75
2021-12-28T04:15:58+07:00,261.94687,8.57578,0.03028,1.2207,30,76
2021-12-28T04:21:13+07:00,261.94687,8.66716,0.016,1.2207,30,76
2021-12-28T04:26:26+07:00,346.86887,9.8067,0.01768,1.51367,30,76
2021-12-28T04:31:40+07:00,264.69119,8.39464,0.02188,1.51367,29,76
2021-12-28T04:36:54+07:00,350.50281,9.61119,0.01936,1.26953,29,76
2021-12-28T04:42:09+07:00,264.69119,8.48494,0.0244,1.41602,29,76
2021-12-28T04:47:24+07:00,264.69119,8.48494,0.00844,1.26953,29,76
2021-12-28T04:52:38+07:00,264.69119,8.48494,0.02356,1.2207,29,76
2021-12-28T04:57:51+07:00,264.69119,8.48494,0.0286,1.31836,29,76
2021-12-28T05:03:06+07:00,264.69119,8.57578,0.02188,1.31836,29,76
2021-12-28T05:08:21+07:00,263.10562,8.39464,0.03699,1.26953,29,77
2021-12-28T05:13:35+07:00,263.10562,8.39464,0.016,1.51367,29,77
2021-12-28T05:18:50+07:00,263.10562,8.30488,0.01516,1.41602,29,77
2021-12-28T05:24:05+07:00,252.23747,8.21567,0.0202,1.41602,29,77
2021-12-28T05:29:20+07:00,263.10562,8.30488,0.01936,1.31836,29,77
2021-12-28T05:34:34+07:00,263.10562,8.30488,0.01768,1.17188,29,77
2021-12-28T05:39:47+07:00,263.10562,8.39464,0.04287,1.2207,29,77
2021-12-28T05:45:02+07:00,348.40326,9.51428,0.01684,1.46484,29,77
2021-12-28T05:50:17+07:00,263.10562,8.39464,0.01264,1.26953,29,77
2021-12-28T05:55:32+07:00,263.10562,8.30488,0.03448,1.17188,29,77
2021-12-28T06:00:46+07:00,263.10562,8.39464,0.02188,1.31836,29,77
2021-12-28T06:06:03+07:00,263.10562,8.57578,0.0286,1.26953,29,77
2021-12-28T06:11:18+07:00,263.10562,8.66716,0.02524,1.2207,29,77
2021-12-28T06:16:32+07:00,263.10562,8.66716,0.02104,1.26953,29,77
2021-12-28T06:21:45+07:00,274.2923,9.13225,0.0202,1.46484,29,77
2021-12-28T06:27:00+07:00,285.80258,9.22692,0.02524,1.31836,29,77
2021-12-28T06:32:15+07:00,285.80258,8.85155,0.0202,1.51367,29,77
2021-12-28T06:37:29+07:00,285.80258,9.22692,0.03951,1.26953,29,77
2021-12-28T06:42:44+07:00,375.9039,10.40696,0.01012,1.36719,29,77
2021-12-28T06:47:59+07:00,287.52493,9.32215,0.00928,1.41602,29,76
2021-12-28T06:53:14+07:00,287.52493,9.22692,0.02272,1.41602,29,76
2021-12-28T06:58:28+07:00,299.43588,9.32215,0.01684,1.5625,29,76
2021-12-28T07:03:43+07:00,299.43588,9.61119,0.04371,1.51367,29,76
2021-12-28T07:08:57+07:00,386.1496,10.71491,0.02272,1.36719,30,77
2021-12-28T07:14:13+07:00,294.54977,9.8067,0.04623,1.41602,30,77
2021-12-28T07:19:28+07:00,299.43588,9.61119,0.02608,1.31836,29,76
2021-12-28T07:24:41+07:00,388.48538,10.81873,0.016,1.70898,30,76
2021-12-28T07:29:56+07:00,308.45209,9.90531,0.02524,1.5625,30,76
2021-12-28T07:35:11+07:00,296.33139,9.61119,0.01768,1.70898,30,76
2021-12-28T07:40:25+07:00,294.54977,9.32215,0.0244,1.46484,30,77
2021-12-28T07:45:40+07:00,296.33139,9.41793,0.03196,1.36719,30,76
2021-12-28T07:50:55+07:00,296.33139,9.41793,0.03783,1.66016,30,76
2021-12-28T07:56:14+07:00,284.54388,9.32215,0.0286,1.51367,30,76
2021-12-28T08:01:32+07:00,374.24823,10.30547,0.0328,1.85547,30,76
2021-12-28T08:06:50+07:00,284.54388,8.94456,0.0202,1.66016,30,76
2021-12-28T08:12:08+07:00,274.73251,8.94456,0.02104,1.5625,30,75
2021-12-28T08:17:24+07:00,274.73251,8.94456,0.01432,1.75781,30,75
2021-12-28T08:22:48+07:00,273.08429,8.94456,0.0118,1.85547,30,76
2021-12-28T08:28:05+07:00,274.73251,8.85155,0.016,1.66016,30,75
2021-12-28T08:33:23+07:00,322.84842,10.00449,0.0202,1.66016,30,75
2021-12-28T08:38:40+07:00,263.52789,9.03813,0.01852,1.66016,30,75
2021-12-28T08:43:57+07:00,276.38705,8.94456,0.02188,1.80664,30,74
2021-12-28T08:49:16+07:00,265.11499,8.85155,0.03364,1.61133,30,74
2021-12-28T08:54:33+07:00,265.11499,8.57578,0.02188,1.5625,30,74
2021-12-28T08:59:49+07:00,265.11499,8.66716,0.05127,1.51367,30,74
2021-12-28T09:05:07+07:00,351.06406,9.8067,0.02356,1.51367,30,74
2021-12-28T09:10:26+07:00,266.70816,8.66716,0.0244,1.85547,30,73
2021-12-28T09:20:53+07:00,266.70816,8.48494,0.03531,1.70898,30,73
2021-12-28T09:26:10+07:00,265.53928,9.13225,0.01096,1.61133,31,72
2021-12-28T09:31:30+07:00,265.53928,8.39464,0.01432,1.5625,31,72
2021-12-28T09:36:47+07:00,353.73749,9.51428,0.02188,1.80664,31,71
2021-12-28T09:42:07+07:00,267.13403,8.30488,0.0202,1.95313,31,71
2021-12-28T09:47:24+07:00,265.53928,8.39464,0.02356,1.70898,31,72
2021-12-28T09:52:43+07:00,265.53928,8.39464,0.0244,1.80664,31,72
2021-12-28T09:58:04+07:00,265.53928,8.39464,0.02104,1.61133,31,72
2021-12-28T10:03:23+07:00,265.53928,8.39464,0.02692,1.75781,31,72
2021-12-28T10:08:47+07:00,276.82932,8.57578,0.01516,1.66016,31,72
2021-12-28T10:14:06+07:00,276.82932,8.66716,0.00844,1.17188,31,72
2021-12-28T10:19:25+07:00,353.73749,9.70866,0.01768,1.2207,31,71
2021-12-28T10:24:44+07:00,365.3201,9.8067,0.03196,1.61133,31,72
2021-12-28T10:30:01+07:00,276.82932,8.57578,0.01768,1.61133,31,72
2021-12-28T10:35:20+07:00,276.82932,8.48494,0.03531,1.66016,31,72
2021-12-28T10:40:38+07:00,278.49194,8.39464,0.01348,1.61133,31,71
2021-12-28T10:45:57+07:00,278.49194,8.48494,0.04203,1.66016,31,71
2021-12-28T10:51:15+07:00,278.49194,8.48494,0.0244,1.66016,31,71
2021-12-28T10:56:33+07:00,280.16095,8.39464,0.0244,2.29492,31,70
2021-12-28T11:07:00+07:00,281.8363,8.30488,0.04623,2.29492,31,69
2021-12-28T11:12:18+07:00,281.8363,8.39464,0.0034,2.24609,31,69
2021-12-28T11:17:37+07:00,369.71677,9.41793,0.01684,2.58789,31,70
2021-12-28T11:22:53+07:00,281.8363,8.21567,0.02776,2.34375,31,69
2021-12-28T11:28:15+07:00,281.8363,8.21567,0.02776,2.44141,31,69
2021-12-28T11:33:35+07:00,277.27213,8.12698,0.03028,2.09961,32,70
2021-12-28T11:38:53+07:00,281.8363,8.21567,0.04035,1.85547,31,69
2021-12-28T11:44:09+07:00,281.8363,8.30488,0.01516,1.9043,31,69
2021-12-28T11:49:27+07:00,280.16095,8.30488,0.03531,1.80664,31,70
2021-12-28T11:54:43+07:00,280.16095,8.21567,0.03112,2.09961,31,70
2021-12-28T12:00:00+07:00,280.16095,8.21567,0.02104,1.85547,31,70
2021-12-28T12:05:18+07:00,280.16095,8.21567,0.02692,2.00195,31,70
2021-12-28T12:10:38+07:00,280.16095,8.21567,0.02776,2.34375,31,70
2021-12-28T12:15:57+07:00,280.16095,8.21567,0.02188,2.29492,31,70
2021-12-28T12:21:16+07:00,280.16095,8.21567,0.02524,2.14844,31,70
2021-12-28T12:26:34+07:00,280.16095,8.21567,0.02692,2.09961,31,70
2021-12-28T12:31:52+07:00,280.16095,8.21567,0.0202,1.9043,31,70
2021-12-28T12:37:10+07:00,280.16095,8.21567,0.01768,2.7832,31,70
2021-12-28T12:42:30+07:00,371.92764,9.32215,0.01936,3.07617,31,69
2021-12-28T12:52:59+07:00,280.60709,8.21567,0.03783,2.49023,32,68
2021-12-28T12:58:20+07:00,280.60709,8.03882,0.01684,1.95313,32,68
2021-12-28T13:03:40+07:00,280.60709,8.85155,0.03448,2.49023,32,68
2021-12-28T13:09:00+07:00,282.28409,8.03882,0.03448,2.19727,32,67
2021-12-28T13:19:26+07:00,280.60709,8.12698,0.03783,2.83203,32,68
2021-12-28T13:24:44+07:00,282.28409,8.21567,0.02272,3.22266,32,67
2021-12-28T13:30:04+07:00,374.74023,9.32215,0.02524,3.61328,32,66
2021-12-28T13:35:22+07:00,282.73233,8.03882,0.01936,2.44141,33,65
2021-12-28T13:40:40+07:00,285.65741,8.21567,0.02524,2.14844,32,65
2021-12-28T14:01:55+07:00,271.9552,8.21567,0.01096,1.5625,31,68
2021-12-28T14:07:12+07:00,271.9552,8.21567,0.02272,1.5625,31,68
2021-12-28T14:23:06+07:00,270.34195,8.03882,0.02356,1.70898,31,69
2021-12-28T14:28:28+07:00,344.41046,9.13225,0.02104,2.09961,31,69
2021-12-28T14:33:48+07:00,268.73495,7.9512,0.0118,1.95313,31,70
2021-12-28T14:44:22+07:00,329.22766,8.66716,0.0244,7.86133,31,70
2021-12-28T15:00:12+07:00,279.45483,7.77753,0.02692,17.57813,37,53
2021-12-28T15:05:34+07:00,292.25189,8.30488,0.01936,20.01953,39,49
2021-12-28T15:10:54+07:00,294.43314,8.21567,0.03112,20.41016,40,46
2021-12-28T15:16:18+07:00,307.26859,8.12698,0.016,18.94531,41,44
2021-12-28T15:21:39+07:00,307.26859,7.9512,0.02524,19.62891,41,44
2021-12-28T15:32:07+07:00,405.87589,9.32215,0.02356,4.98047,40,45
2021-12-28T15:42:49+07:00,303.20502,8.30488,0.04707,0,40,48
2021-12-28T15:48:07+07:00,309.43384,8.30488,0.00928,2.73438,38,48
2021-12-28T15:53:25+07:00,304.87411,8.39464,0.0244,2.88086,36,54
2021-12-28T16:03:51+07:00,308.47018,8.39464,0.01684,5.9082,36,52
2021-12-28T16:14:18+07:00,404.61072,9.51428,0.02944,4.93164,38,49
2021-12-28T16:24:49+07:00,308.10941,8.30488,0.01936,3.71094,39,47
2021-12-28T16:30:06+07:00,399.8891,9.51428,0.01936,2.29492,38,51
2021-12-28T16:35:27+07:00,306.18958,8.39464,0.02524,2.29492,35,55
2021-12-28T16:40:46+07:00,403.82141,9.41793,0.016,3.17383,33,58
2021-12-28T16:56:40+07:00,295.12405,8.21567,0.0202,3.07617,34,56
2021-12-28T17:01:59+07:00,295.12405,8.39464,0.02272,2.53906,34,56
2021-12-28T17:17:50+07:00,289.51147,8.48494,0.01936,1.61133,33,61
2021-12-28T17:28:27+07:00,287.3537,8.39464,0.02608,1.61133,32,64
2021-12-28T17:33:45+07:00,287.3537,8.57578,0.0118,1.85547,32,64
2021-12-28T17:39:07+07:00,376.97021,9.70866,0.02188,1.95313,32,65
2021-12-28T17:44:24+07:00,283.96756,8.66716,0.01432,1.5625,32,66
2021-12-28T17:49:41+07:00,283.96756,8.66716,0.00004,1.9043,32,66
2021-12-28T18:00:31+07:00,298.94012,8.94456,0.0202,1.61133,31,66
2021-12-28T18:05:52+07:00,294.12982,9.03813,0.01432,1.95313,32,67
2021-12-28T18:11:13+07:00,298.94012,9.03813,0.02776,1.5625,31,66
2021-12-28T18:21:51+07:00,283.51794,8.94456,0.01936,1.5625,31,68
2021-12-28T18:27:09+07:00,283.51794,9.03813,0.02104,1.61133,31,68
2021-12-28T18:37:41+07:00,268.73495,8.85155,0.02608,1.5625,31,70
2021-12-28T18:43:01+07:00,268.73495,9.03813,0.01096,1.5625,31,70
2021-12-28T18:53:30+07:00,373.55432,10.00449,0.02104,1.95313,30,70
2021-12-28T18:58:50+07:00,268.73495,8.75908,0.01348,1.5625,31,70
2021-12-28T19:24:58+07:00,257.63425,8.57578,0.0244,1.5625,31,70
2021-12-28T19:30:21+07:00,258.76337,8.48494,0.01684,1.5625,30,71
2021-12-28T19:46:38+07:00,260.30838,8.48494,0.00928,1.5625,30,70
2021-12-28T20:13:03+07:00,281.38885,9.22692,0,1.5625,30,71
2021-12-28T20:23:37+07:00,369.12866,10.40696,0.0118,1.95313,30,72
2021-12-28T20:34:31+07:00,269.91284,9.32215,0.01768,1.5625,30,71
2021-12-28T21:26:51+07:00,278.04797,9.70866,0.02356,1.5625,30,73
2021-12-28T21:32:23+07:00,366.92834,11.13376,0.0034,1.95313,30,73
2021-12-28T21:37:48+07:00,278.04797,9.90531,0.02104,1.5625,30,73
2021-12-28T21:48:34+07:00,289.71597,9.90531,0.01516,1.5625,30,73
2021-12-28T21:59:23+07:00,366.92834,11.34677,0.01012,1.5625,30,73
2021-12-28T22:04:47+07:00,353.17365,11.23996,0.01264,1.61133,30,73
2021-12-28T22:10:10+07:00,289.71597,9.90531,0.01348,1.61133,30,73
2021-12-28T22:15:33+07:00,287.98532,10.10424,0.01684,1.5625,30,74
2021-12-28T22:20:56+07:00,287.98532,10.10424,0.01852,1.5625,30,74
2021-12-28T22:26:23+07:00,287.98532,10.10424,0.00508,1.5625,30,74
2021-12-28T22:31:41+07:00,287.98532,10.00449,0.00172,1.5625,30,74
2021-12-28T22:37:01+07:00,287.98532,10.10424,0.01936,1.5625,30,74
2021-12-28T22:47:35+07:00,376.50714,11.56219,0.02272,1.51367,30,75
2021-12-28T22:52:55+07:00,286.26129,10.61167,0.0118,1.5625,30,75
2021-12-28T22:58:12+07:00,273.08429,10.50902,0,1.51367,30,76
2021-12-28T23:03:29+07:00,273.08429,10.20457,0.016,1.5625,30,76
2021-12-28T23:14:07+07:00,274.73251,10.00449,0.0076,1.5625,30,75
2021-12-28T23:24:38+07:00,274.73251,9.90531,0.01432,1.5625,30,75
2021-12-28T23:29:56+07:00,263.52789,9.90531,0.00424,1.5625,30,75
2021-12-28T23:45:38+07:00,266.28268,9.90531,0.02356,1.95313,29,75
2021-12-28T23:51:02+07:00,264.69119,10.00449,0,1.5625,29,76
2021-12-28T23:56:21+07:00,264.69119,9.90531,0.01684,1.9043,29,76
2021-12-29T00:01:39+07:00,264.69119,9.90531,0.01348,1.5625,29,76
2021-12-29T00:06:59+07:00,253.75742,9.90531,0.02524,1.5625,29,76
2021-12-29T00:12:19+07:00,253.75742,9.70866,0,1.5625,29,76
2021-12-29T00:17:38+07:00,264.69119,9.8067,0.0244,1.5625,29,76
2021-12-29T00:22:55+07:00,264.69119,9.70866,0.02944,1.5625,29,76
2021-12-29T00:28:12+07:00,266.28268,9.8067,0.02356,1.5625,29,75
2021-12-29T00:33:31+07:00,255.28331,9.70866,0.00928,1.5625,29,75
2021-12-29T00:38:48+07:00,266.28268,9.61119,0.0034,1.5625,29,75
2021-12-29T00:44:08+07:00,255.28331,9.51428,0.00256,1.5625,29,75
2021-12-29T00:49:25+07:00,337.21149,10.81873,0.0076,1.5625,29,76
2021-12-29T00:54:42+07:00,253.75742,9.51428,0.01348,1.5625,29,76
2021-12-29T00:59:58+07:00,253.75742,9.70866,0.02524,1.5625,29,76
2021-12-29T01:05:14+07:00,253.75742,9.51428,0.00844,1.5625,29,76
2021-12-29T01:10:29+07:00,253.75742,9.70866,0.016,1.5625,29,76
2021-12-29T01:15:44+07:00,337.21149,10.81873,0.01432,1.5625,29,76
2021-12-29T01:20:58+07:00,253.75742,9.61119,0.01684,1.5625,29,76
2021-12-29T01:26:14+07:00,243.13866,9.32215,0.0202,1.5625,29,76
2021-12-29T01:31:27+07:00,253.75742,9.51428,0.0328,1.5625,29,76
2021-12-29T01:36:42+07:00,255.28331,9.41793,0.02692,1.5625,29,75
2021-12-29T01:41:56+07:00,251.12653,9.32215,0.01516,1.5625,30,76
2021-12-29T01:47:11+07:00,251.12653,9.32215,0.00424,1.5625,30,76
2021-12-29T01:52:28+07:00,255.28331,9.32215,0.0076,1.5625,29,75
2021-12-29T01:57:42+07:00,253.75742,9.22692,0.00676,1.9043,29,76
2021-12-29T02:02:56+07:00,253.75742,9.13225,0.00508,1.9043,29,76
2021-12-29T02:08:11+07:00,253.75742,9.32215,0.02104,1.5625,29,76
2021-12-29T02:13:25+07:00,337.21149,9.32215,0.0244,1.5625,29,76
2021-12-29T02:18:41+07:00,253.75742,9.22692,0.0118,1.5625,29,76
2021-12-29T02:23:56+07:00,253.75742,9.22692,0.03112,1.9043,29,76
2021-12-29T02:29:11+07:00,253.75742,9.13225,0.01684,1.5625,29,76
2021-12-29T02:34:25+07:00,241.68227,9.13225,0.01348,1.5625,29,77
2021-12-29T02:39:41+07:00,243.13866,9.13225,0.01432,1.5625,29,76
2021-12-29T02:44:55+07:00,241.68227,9.03813,0.02776,1.5625,29,77
2021-12-29T02:50:10+07:00,241.68227,9.13225,0.0076,1.5625,29,77
2021-12-29T03:00:35+07:00,252.23747,9.03813,0.01936,1.5625,29,77
2021-12-29T03:05:48+07:00,241.68227,8.94456,0.01432,1.5625,29,77
2021-12-29T03:11:03+07:00,252.23747,9.03813,0.01264,1.80664,29,77
2021-12-29T03:16:17+07:00,252.23747,9.13225,0.0286,1.5625,29,77
2021-12-29T03:21:31+07:00,252.23747,9.13225,0.0034,1.5625,29,77
2021-12-29T03:26:46+07:00,252.23747,9.13225,0.00424,1.5625,29,77
2021-12-29T03:32:00+07:00,333.1795,10.40696,0.01264,1.5625,29,78
2021-12-29T03:37:16+07:00,333.1795,10.30547,0.01768,1.9043,29,78
2021-12-29T03:42:30+07:00,333.1795,10.40696,0.01264,1.5625,29,78
2021-12-29T03:47:44+07:00,250.72334,9.22692,0.01768,1.5625,29,78
2021-12-29T03:52:58+07:00,335.19159,10.61167,0.02524,1.9043,29,77
2021-12-29T03:58:13+07:00,250.72334,9.32215,0.02692,1.5625,29,78
2021-12-29T04:03:27+07:00,250.72334,9.22692,0.016,1.5625,29,78
2021-12-29T04:08:41+07:00,250.72334,9.13225,0.0244,1.5625,29,78
2021-12-29T04:13:55+07:00,250.72334,9.13225,0.02104,1.5625,29,78
2021-12-29T04:19:09+07:00,250.72334,9.13225,0.01768,1.5625,29,78
2021-12-29T04:24:23+07:00,333.1795,10.40696,0.01852,1.9043,29,78
2021-12-29T04:29:36+07:00,250.72334,9.22692,0.02188,1.5625,29,78
2021-12-29T04:34:50+07:00,252.23747,9.22692,0.01852,1.5625,29,77
2021-12-29T04:40:04+07:00,252.23747,9.22692,0.01768,1.80664,29,77
2021-12-29T04:45:18+07:00,250.72334,9.32215,0.016,1.9043,29,78
2021-12-29T04:50:32+07:00,250.72334,9.22692,0.01348,1.5625,29,78
2021-12-29T04:55:47+07:00,250.72334,9.22692,0.01852,1.5625,29,78
2021-12-29T05:01:00+07:00,250.72334,9.32215,0.02188,1.80664,29,78
2021-12-29T05:06:17+07:00,250.72334,9.22692,0.02356,1.5625,29,78
2021-12-29T05:11:32+07:00,250.72334,9.22692,0.01768,1.5625,29,78
2021-12-29T05:16:46+07:00,333.1795,10.20457,0.00844,1.9043,29,78
2021-12-29T05:22:01+07:00,250.72334,9.22692,0.0202,1.9043,29,78
2021-12-29T05:27:16+07:00,333.1795,10.40696,0.0244,1.9043,29,78
2021-12-29T05:32:31+07:00,250.72334,9.13225,0.00508,1.5625,29,78
2021-12-29T05:37:46+07:00,335.19159,10.40696,0.03196,1.9043,29,77
2021-12-29T05:43:01+07:00,252.23747,9.03813,0.01432,1.5625,29,77
2021-12-29T05:48:15+07:00,252.23747,9.03813,0.0202,1.5625,29,77
2021-12-29T05:53:30+07:00,252.23747,9.03813,0.00592,1.5625,29,77
2021-12-29T05:58:45+07:00,253.75742,8.94456,0.01684,1.5625,29,76
2021-12-29T06:04:00+07:00,253.75742,9.13225,0.0202,1.5625,29,76
2021-12-29T06:09:14+07:00,253.75742,9.13225,0.01936,1.5625,29,76
2021-12-29T06:14:29+07:00,264.69119,9.32215,0.01936,1.5625,29,76
2021-12-29T06:19:43+07:00,253.75742,9.41793,0.01684,1.5625,29,76
2021-12-29T06:24:58+07:00,264.69119,9.61119,0.00004,1.5625,29,76
2021-12-29T06:30:14+07:00,264.69119,9.61119,0.00676,1.5625,29,76
2021-12-29T06:35:29+07:00,275.94516,9.70866,0.0118,1.9043,29,76
2021-12-29T06:40:43+07:00,277.60446,9.90531,0.01516,1.5625,29,75
2021-12-29T06:45:58+07:00,366.34299,11.02816,0.00844,1.5625,29,75
2021-12-29T06:51:13+07:00,277.60446,9.8067,0.02104,1.5625,29,75
2021-12-29T06:56:28+07:00,277.60446,10.00449,0.01096,1.5625,29,75
2021-12-29T07:01:43+07:00,277.60446,10.00449,0.01684,1.61133,29,75
2021-12-29T07:06:59+07:00,289.25369,10.10424,0.00592,1.61133,29,75
2021-12-29T07:12:15+07:00,290.98929,10.10424,0.0202,1.61133,29,74
2021-12-29T07:17:29+07:00,290.98929,10.20457,0.00256,1.61133,29,74
2021-12-29T07:22:44+07:00,279.27005,10.10424,0.01264,1.66016,29,74
2021-12-29T07:27:58+07:00,279.27005,10.00449,0.00676,1.70898,29,74
2021-12-29T07:33:14+07:00,279.27005,9.90531,0.02944,1.75781,29,74
2021-12-29T07:38:30+07:00,269.48419,9.8067,0.01348,1.75781,29,73
2021-12-29T07:43:47+07:00,356.84964,10.92315,0.00508,2.14844,29,73
2021-12-29T07:49:01+07:00,267.88037,9.70866,0.01768,1.80664,29,74
2021-12-29T07:54:16+07:00,269.48419,9.61119,0.01012,1.85547,29,73
2021-12-29T07:59:30+07:00,269.48419,9.61119,0.01936,1.85547,29,73
2021-12-29T08:04:45+07:00,271.09409,9.61119,0.0034,1.9043,29,72
2021-12-29T08:10:05+07:00,271.09409,9.51428,0.00256,1.85547,29,72
2021-12-29T08:15:28+07:00,372.96231,10.71491,0.04287,2.19727,29,72
2021-12-29T08:20:47+07:00,271.09409,9.22692,0.02356,1.85547,29,72
2021-12-29T08:26:04+07:00,271.09409,9.22692,0.00928,1.9043,29,72
2021-12-29T08:36:29+07:00,271.09409,8.94456,0.02104,2.00195,29,72
2021-12-29T08:46:54+07:00,375.18549,10.00449,0.0076,2.39258,29,71
2021-12-29T08:52:11+07:00,268.30753,8.85155,0.0286,2.05078,30,72
2021-12-29T08:57:30+07:00,357.41721,10.10424,0.02944,2.09961,30,71
2021-12-29T09:02:50+07:00,258.76337,8.75908,0.00592,2.14844,30,71
2021-12-29T09:08:08+07:00,357.41721,10.00449,0.01096,2.09961,30,71
2021-12-29T09:13:25+07:00,258.76337,8.66716,0.02356,2.14844,30,71
2021-12-29T09:23:52+07:00,260.30838,8.48494,0.01936,2.53906,30,70
2021-12-29T09:29:15+07:00,345.91687,9.61119,0.0286,2.53906,30,70
2021-12-29T09:34:33+07:00,345.91687,9.61119,0.0328,2.14844,30,70
2021-12-29T09:39:54+07:00,260.30838,8.57578,0.02104,2.19727,30,70
2021-12-29T09:45:13+07:00,345.91687,9.61119,0.02272,2.19727,30,70
2021-12-29T09:50:30+07:00,260.30838,8.48494,0.01936,2.19727,30,70
2021-12-29T09:55:46+07:00,261.85922,8.48494,0.03951,2.24609,30,69
2021-12-29T10:01:04+07:00,260.30838,8.39464,0.01432,2.24609,30,70
2021-12-29T10:06:23+07:00,260.30838,8.30488,0.00676,2.24609,30,70
2021-12-29T10:11:41+07:00,261.85922,8.21567,0.01516,2.58789,30,69
2021-12-29T10:16:58+07:00,347.97766,9.32215,0.01852,2.58789,30,69
2021-12-29T10:22:18+07:00,347.97766,9.22692,0.01684,2.63672,30,69
2021-12-29T10:27:36+07:00,261.85922,8.12698,0.02776,2.19727,30,69
2021-12-29T10:32:55+07:00,261.85922,8.21567,0.02272,2.14844,30,69
2021-12-29T10:38:12+07:00,261.85922,8.12698,0.01936,2.14844,30,69
2021-12-29T10:43:36+07:00,261.85922,8.30488,0.03112,2.14844,30,69
2021-12-29T10:48:58+07:00,261.85922,8.21567,0.00424,2.14844,30,69
2021-12-29T10:54:20+07:00,261.85922,8.12698,0.02608,2.09961,30,69
2021-12-29T10:59:37+07:00,261.85922,8.12698,0.02272,2.14844,30,69
2021-12-29T11:04:54+07:00,261.85922,8.12698,0.02608,2.63672,30,69
2021-12-29T11:10:12+07:00,261.85922,8.03882,0.0244,2.49023,30,69
2021-12-29T11:15:29+07:00,347.97766,9.22692,0.01012,2.92969,30,69
2021-12-29T11:20:46+07:00,260.72141,8.03882,0.01768,3.02734,31,68
2021-12-29T11:26:03+07:00,260.72141,8.85155,0.01852,2.63672,31,68
2021-12-29T11:31:22+07:00,262.27377,7.9512,0.02188,2.58789,31,67
2021-12-29T11:41:57+07:00,263.83206,7.8641,0.02272,2.63672,31,66
2021-12-29T11:47:15+07:00,263.83206,7.8641,0.01432,2.58789,31,66
2021-12-29T11:52:33+07:00,263.83206,7.8641,0.0202,2.63672,31,66
2021-12-29T11:57:50+07:00,265.39627,7.9512,0.02692,2.68555,31,65
2021-12-29T12:08:25+07:00,265.39627,7.8641,0.02692,3.02734,31,65
2021-12-29T12:13:45+07:00,360.69272,7.9512,0.02608,2.88086,32,66
2021-12-29T12:19:04+07:00,262.68872,7.8641,0.01852,2.83203,32,65
2021-12-29T12:29:29+07:00,264.24857,7.8641,0.02104,3.125,32,64
2021-12-29T12:34:48+07:00,262.68872,7.8641,0.02104,2.7832,32,65
2021-12-29T12:40:06+07:00,262.68872,7.8641,0.0202,3.22266,32,65
2021-12-29T12:45:25+07:00,264.24857,7.9512,0.02356,3.17383,32,64
2021-12-29T12:50:42+07:00,264.24857,7.9512,0.03951,3.27148,32,64
2021-12-29T12:56:01+07:00,265.81439,7.9512,0.02104,2.88086,32,63
2021-12-29T13:01:21+07:00,264.24857,8.03882,0.02608,2.97852,32,64
2021-12-29T13:06:38+07:00,264.24857,7.9512,0.01264,2.92969,32,64
2021-12-29T13:11:59+07:00,265.81439,8.03882,0.00592,2.88086,32,63
2021-12-29T13:17:21+07:00,264.24857,8.03882,0.02104,2.97852,32,64
2021-12-29T13:22:39+07:00,351.15289,9.13225,0.01348,3.27148,32,64
2021-12-29T13:27:57+07:00,264.24857,7.9512,0.01516,3.07617,32,64
2021-12-29T13:38:23+07:00,264.24857,7.9512,0.01432,3.22266,32,64
2021-12-29T13:43:46+07:00,264.24857,8.03882,0.02188,3.07617,32,64
2021-12-29T13:49:05+07:00,264.24857,7.9512,0.00424,2.83203,32,64
2021-12-29T13:54:24+07:00,351.15289,9.22692,0.01264,3.02734,32,64
2021-12-29T13:59:44+07:00,264.24857,7.9512,0.03196,2.7832,32,64
2021-12-29T14:10:17+07:00,256.19702,7.77753,0.02104,3.27148,32,62
2021-12-29T14:20:49+07:00,267.80624,7.8641,0.03364,3.07617,33,60
2021-12-29T14:26:07+07:00,256.59958,8.39464,0.03112,3.51563,33,60
2021-12-29T14:36:52+07:00,270.97058,8.12698,0.0118,5.41992,33,58
2021-12-29T14:57:45+07:00,390.68091,10.00449,0.01684,10.98633,36,52
2021-12-29T15:13:23+07:00,275.44052,8.48494,0.01348,10.40039,36,50
2021-12-29T15:18:45+07:00,275.44052,8.39464,0.02272,15.52734,36,50
2021-12-29T15:24:06+07:00,288.53775,7.9512,0.0244,10.5957,35,51
2021-12-29T15:29:24+07:00,285.19321,8.03882,0.03531,18.31055,35,53
2021-12-29T15:34:44+07:00,288.98557,7.77753,0.0286,7.95898,36,49
2021-12-29T15:45:11+07:00,275.44052,7.69149,0.01936,3.51563,36,50
2021-12-29T15:50:30+07:00,390.07162,7.8641,0.02104,14.84375,35,54
2021-12-29T16:06:33+07:00,382.67334,9.32215,0.02356,5.37109,36,49
2021-12-29T16:11:52+07:00,287.30853,8.39464,0.01936,2.00195,36,50
2021-12-29T16:17:12+07:00,283.5303,8.30488,0.01684,1.9043,35,54
2021-12-29T16:22:32+07:00,285.97137,7.9512,0.01684,1.70898,33,56
2021-12-29T16:38:24+07:00,282.20441,8.94456,0.01096,2.09961,32,60
2021-12-29T16:48:58+07:00,284.30557,8.66716,0.0328,1.95313,33,57
2021-12-29T16:59:32+07:00,384.31406,9.8067,0.0202,2.14844,33,60
2021-12-29T17:04:49+07:00,280.55258,8.94456,0.01432,1.75781,32,61
2021-12-29T17:10:10+07:00,280.55258,8.94456,0.01936,1.07422,32,61
2021-12-29T17:15:28+07:00,367.1564,10.20457,0.0202,1.31836,32,63
2021-12-29T17:20:47+07:00,287.3537,9.13225,0.01264,2.00195,32,64
2021-12-29T17:31:18+07:00,302.49149,9.8067,0.016,0,31,64
2021-12-29T17:36:37+07:00,288.60162,9.61119,0.02776,2.24609,31,65
2021-12-29T17:47:16+07:00,276.83145,9.32215,0.02188,0.83008,31,65
2021-12-29T17:58:01+07:00,383.1088,10.61167,0.01768,2.00195,31,64
2021-12-29T18:03:23+07:00,329.3266,9.70866,0.03783,1.66016,30,65
2021-12-29T18:08:42+07:00,329.3266,9.8067,0.02272,1.66016,30,65
2021-12-29T18:14:02+07:00,325.97931,9.90531,0.00088,1.66016,31,65
2021-12-29T18:19:22+07:00,356.29953,10.30547,0.01348,1.66016,30,65
2021-12-29T18:24:41+07:00,443.75653,10.81873,0.02104,0.73242,30,66
2021-12-29T18:30:01+07:00,340.61725,9.8067,0.016,2.19727,30,66
2021-12-29T18:40:39+07:00,327.39276,10.61167,0.01768,0,30,66
2021-12-29T18:46:04+07:00,425.32996,11.23996,0.01012,0,30,67
2021-12-29T18:51:32+07:00,325.46622,10.61167,0.0202,0.78125,30,67
2021-12-29T18:56:56+07:00,325.46622,10.00449,0.03448,1.17188,30,67
2021-12-29T19:02:18+07:00,425.32996,10.50902,0.02356,0.97656,30,67
2021-12-29T19:07:35+07:00,325.46622,9.41793,0.02524,1.12305,30,67
2021-12-29T19:28:36+07:00,325.46622,9.13225,0.0328,0.78125,30,67
2021-12-29T20:42:07+07:00,314.0336,9.79096,0.01852,0,29,68
2021-12-29T20:57:53+07:00,422.82178,10.3747,0.03448,0.73242,30,68
2021-12-29T21:08:32+07:00,325.46622,9.11141,0.01936,1.41602,30,67
2021-12-29T21:50:44+07:00,327.39276,9.00033,0.00928,0.63477,30,66
2021-12-29T21:56:03+07:00,427.84769,10.3747,0.016,1.31836,30,66
2021-12-29T22:01:29+07:00,314.52783,8.88988,0.01684,2.63672,30,66
2021-12-29T22:06:54+07:00,427.84769,10.3747,0.0244,0.29297,30,66
2021-12-29T22:12:19+07:00,316.38568,8.88988,0.01684,1.41602,30,65
2021-12-29T22:17:44+07:00,314.52783,8.88988,0.02272,0,30,66
2021-12-29T22:23:02+07:00,314.52783,8.88988,0.02104,0.87891,30,66
2021-12-29T22:33:27+07:00,314.52783,8.88988,0.01936,2.05078,30,66
2021-12-29T22:38:45+07:00,412.34045,10.13927,0.02356,0,30,66
2021-12-29T22:44:02+07:00,314.52783,8.88988,0.0244,0.39063,30,66
2021-12-29T22:49:20+07:00,314.52783,8.78004,0.00928,0.83008,30,66
2021-12-29T22:54:39+07:00,314.52783,8.78004,0.01684,2.7832,30,66
2021-12-29T23:00:03+07:00,314.52783,8.78004,0.01936,0.87891,30,66
2021-12-29T23:05:21+07:00,314.52783,8.67081,0,0,30,66
2021-12-29T23:10:40+07:00,412.34045,9.90643,0.01768,1.07422,30,66
2021-12-29T23:16:06+07:00,314.52783,8.56219,0.01096,0.14648,30,66
2021-12-29T23:21:24+07:00,414.77618,8.56219,0.00004,0,30,65
2021-12-29T23:26:45+07:00,303.80045,8.45418,0.01348,0.97656,30,65
2021-12-29T23:32:05+07:00,302.01639,8.56219,0.01516,1.9043,30,66
2021-12-29T23:37:28+07:00,302.01639,8.34677,0.016,1.41602,30,66
2021-12-29T23:42:46+07:00,303.80045,8.56219,0.00088,1.31836,30,65
2021-12-29T23:48:05+07:00,302.01639,8.56219,0.01768,1.66016,30,66
2021-12-29T23:53:22+07:00,302.01639,8.56219,0.00508,0.63477,30,66
2021-12-29T23:58:41+07:00,302.01639,8.67081,0.00256,2.00195,30,66
2021-12-30T00:03:59+07:00,302.01639,8.67081,0.01096,2.19727,30,66
2021-12-30T00:09:20+07:00,303.80045,8.56219,0.0202,1.31836,30,65
2021-12-30T00:14:38+07:00,303.80045,8.56219,0.01516,0.68359,30,65
2021-12-30T00:19:56+07:00,303.80045,8.56219,0.00844,0,30,65
2021-12-30T00:25:20+07:00,303.80045,8.56219,0.016,1.31836,30,65
2021-12-30T00:30:38+07:00,399.57559,9.90643,0.00928,1.26953,30,65
2021-12-30T00:35:54+07:00,302.01639,8.45418,0.00424,0.78125,30,66
2021-12-30T00:41:11+07:00,399.57559,9.79096,0.01432,2.00195,30,65
2021-12-30T00:46:27+07:00,397.22925,10.02253,0.01684,1.61133,30,66
2021-12-30T00:51:43+07:00,303.80045,8.56219,0.01012,0.63477,30,65
2021-12-30T00:57:00+07:00,303.80045,8.45418,0.01516,1.5625,30,65
2021-12-30T01:02:17+07:00,302.01639,8.45418,0.00928,2.09961,30,66
2021-12-30T01:07:32+07:00,302.01639,8.45418,0.01348,0.78125,30,66
2021-12-30T01:12:46+07:00,302.01639,8.45418,0.00928,1.41602,30,66
2021-12-30T01:18:03+07:00,302.01639,8.45418,0.01684,0,30,66
2021-12-30T01:23:20+07:00,302.01639,8.45418,0.01852,0.92773,30,66
2021-12-30T01:28:34+07:00,302.01639,8.45418,0.0118,1.95313,30,66
2021-12-30T01:33:48+07:00,302.01639,8.45418,0.01516,1.36719,30,66
2021-12-30T01:39:02+07:00,302.01639,8.45418,0.00088,1.36719,30,66
2021-12-30T01:44:16+07:00,302.01639,8.56219,0,0.58594,30,66
2021-12-30T01:49:30+07:00,302.01639,8.56219,0.01264,1.41602,30,66
2021-12-30T01:54:43+07:00,302.01639,8.56219,0.00844,2.05078,30,66
2021-12-30T01:59:59+07:00,302.01639,8.67081,0.01096,0,30,66
2021-12-30T02:05:14+07:00,302.01639,8.67081,0.01768,0.43945,30,66
2021-12-30T02:10:28+07:00,306.90851,7.30547,0.0076,0,29,65
2021-12-30T02:15:43+07:00,302.01639,7.00449,0.01348,2.83203,30,66
2021-12-30T02:20:57+07:00,302.01639,6.90531,0.02692,3.4668,30,66
2021-12-30T02:26:15+07:00,302.01639,6.8067,0.02692,2.73438,30,66
2021-12-30T02:31:30+07:00,302.01639,6.8067,0.02356,2.09961,30,66
2021-12-30T02:36:45+07:00,306.90851,6.90531,0.0076,2.29492,29,65
2021-12-30T02:41:59+07:00,306.90851,6.90531,0.01348,0.29297,29,65
2021-12-30T02:47:14+07:00,302.01639,7.00449,0.01012,2.05078,30,66
2021-12-30T02:52:28+07:00,403.6636,8.34677,0.02692,1.12305,29,65
2021-12-30T02:57:43+07:00,397.22925,8.45418,0.016,1.12305,30,66
2021-12-30T03:02:58+07:00,306.90851,7.10424,0.02524,1.41602,29,65
2021-12-30T03:08:16+07:00,403.6636,8.56219,0.01348,2.63672,29,65
2021-12-30T03:13:31+07:00,306.90851,7.30547,0.00256,0,29,65
2021-12-30T03:18:51+07:00,306.90851,8.34677,0.02524,1.61133,29,65
2021-12-30T03:24:07+07:00,306.90851,7.50902,0.01096,0.58594,29,65
2021-12-30T03:29:21+07:00,306.90851,7.50902,0.016,1.17188,29,65
2021-12-30T03:34:36+07:00,306.90851,7.61167,0.0244,1.66016,29,65
2021-12-30T03:39:49+07:00,306.90851,7.92315,0.00928,0.87891,29,65
2021-12-30T03:45:04+07:00,306.90851,8.13376,0.01852,0.68359,29,65
2021-12-30T03:50:18+07:00,306.90851,8.13376,0.0244,0.83008,29,65
2021-12-30T03:55:32+07:00,306.90851,8.02816,0.0202,1.61133,29,65
2021-12-30T04:00:46+07:00,306.90851,8.23996,0.01432,0.63477,29,65
2021-12-30T04:05:59+07:00,306.90851,8.34677,0.00172,1.51367,29,65
2021-12-30T04:11:13+07:00,403.6636,9.90643,0.01096,0,29,65
2021-12-30T04:16:27+07:00,388.703,9.79096,0.01852,1.70898,29,65
2021-12-30T04:21:41+07:00,306.90851,8.67081,0.0076,1.36719,29,65
2021-12-30T04:26:55+07:00,403.6636,10.13927,0.00928,1.12305,29,65
2021-12-30T04:32:10+07:00,294.5481,8.56219,0.01852,0.48828,29,65
2021-12-30T04:37:25+07:00,403.6636,9.90643,0.01432,2.09961,29,65
2021-12-30T04:42:40+07:00,419.01962,8.88988,0.01432,0.14648,29,65
2021-12-30T04:47:54+07:00,294.5481,9.2231,0.016,1.51367,29,65
2021-12-30T04:53:10+07:00,294.5481,9.2231,0.02944,0,29,65
2021-12-30T04:58:26+07:00,306.90851,8.67081,0.01096,0.92773,29,65
2021-12-30T05:03:40+07:00,306.90851,8.56219,0.02776,1.51367,29,65
2021-12-30T05:08:55+07:00,306.90851,8.45418,0.00928,0.43945,29,65
2021-12-30T05:14:10+07:00,294.5481,8.45418,0.00676,3.07617,29,65
2021-12-30T05:19:26+07:00,294.5481,8.34677,0.01768,2.00195,29,65
2021-12-30T05:24:43+07:00,294.5481,8.78004,0.01936,1.70898,29,65
2021-12-30T05:29:59+07:00,400.67355,8.56219,0.01348,1.46484,28,68
2021-12-30T05:35:14+07:00,290.65134,8.56219,0.01684,1.12305,28,69
2021-12-30T05:40:27+07:00,387.48911,10.49339,0.00928,1.85547,27,69
2021-12-30T05:45:42+07:00,387.48911,9.90643,0.03196,3.41797,27,69
2021-12-30T05:50:56+07:00,293.62836,9.33541,0.01012,1.17188,27,69
2021-12-30T05:56:12+07:00,293.62836,10.02253,0.03615,0.73242,27,69
2021-12-30T06:01:26+07:00,372.96359,10.49339,0.02104,3.85742,27,69
2021-12-30T06:06:40+07:00,291.90842,9.44836,0.01936,0.87891,27,70
2021-12-30T06:11:54+07:00,291.90842,9.79096,0.01264,3.36914,27,70
2021-12-30T06:17:08+07:00,291.90842,11.09664,0.06471,0,27,70
2021-12-30T06:22:25+07:00,291.90842,9.11141,0.00928,1.9043,27,70
2021-12-30T06:27:40+07:00,293.62836,10.3747,0.03364,4.3457,27,69
2021-12-30T06:38:05+07:00,304.15799,10.73271,0.01348,0,27,70
2021-12-30T06:43:21+07:00,304.15799,8.45418,0.03867,2.09961,27,70
2021-12-30T06:48:35+07:00,304.15799,8.67081,0,1.5625,27,70
2021-12-30T06:53:52+07:00,304.15799,9.00033,0.016,0,27,70
2021-12-30T06:59:16+07:00,304.15799,10.02253,0.03028,0,27,70
2021-12-30T07:04:30+07:00,316.75806,9.79096,0.02272,4.00391,27,70
2021-12-30T07:09:44+07:00,314.89886,9.67612,0.03196,4.88281,27,71
2021-12-30T07:15:00+07:00,316.75806,9.90643,0.01096,0,27,70
2021-12-30T07:20:15+07:00,318.62439,10.02253,0.02104,0,27,69
2021-12-30T07:25:36+07:00,331.65689,10.25666,0.01096,4.73633,27,69
2021-12-30T07:30:53+07:00,331.65689,9.67612,0.01432,4.10156,27,69
2021-12-30T07:36:16+07:00,433.4202,9.90643,0.01936,4.88281,27,69
2021-12-30T07:41:32+07:00,318.62439,9.00033,0.01768,0,27,69
2021-12-30T07:46:47+07:00,318.62439,9.00033,0.01012,1.41602,27,69
2021-12-30T07:52:05+07:00,318.62439,9.00033,0.0202,3.07617,27,69
2021-12-30T07:57:20+07:00,318.62439,9.2231,0.0244,0,27,69
2021-12-30T08:02:35+07:00,318.62439,9.33541,0.00844,1.17188,27,69
2021-12-30T08:07:51+07:00,317.2551,9.79096,0.01096,1.75781,28,68
2021-12-30T08:13:12+07:00,304.63522,10.3747,0.01432,0,28,68
2021-12-30T08:18:29+07:00,304.63522,10.13927,0.01768,0.3418,28,68
2021-12-30T08:34:16+07:00,373.54764,10.61273,0,6.44531,28,67
2021-12-30T08:39:36+07:00,375.74261,9.56192,0.0118,0,28,66
2021-12-30T08:44:55+07:00,375.74261,9.2231,0.00508,4.58984,28,66
2021-12-30T08:50:15+07:00,347.62466,8.34677,0.01516,1.26953,28,66
2021-12-30T09:00:42+07:00,347.62466,7.92315,0.01432,2.88086,28,66
2021-12-30T09:11:08+07:00,349.66281,7.81873,0,1.66016,28,65
2021-12-30T09:16:26+07:00,349.66281,7.81873,0.01852,2.34375,28,65
2021-12-30T09:21:47+07:00,334.64969,9.11141,0.01012,2.63672,29,64
2021-12-30T09:27:06+07:00,334.64969,8.78004,0.00256,2.88086,29,64
2021-12-30T09:32:24+07:00,437.33139,10.13927,0.02776,2.97852,29,64
2021-12-30T09:35:13+07:00,439.89413,8.75908,0,4.39453,29,63
2021-12-30T09:40:33+07:00,323.38361,7.71473,0.01852,4.00391,29,63
2021-12-30T09:45:55+07:00,323.38361,7.6432,0.01768,4.05273,29,63
2021-12-30T09:51:15+07:00,323.38361,7.6432,0.01012,4.10156,29,63
2021-12-30T09:56:34+07:00,331.26776,7.57207,0.01516,4.15039,30,64
